family,method,run,weighted_mae,weighted_rmse,weighted_bias,weighted_r2,weighted_prediction_mean
actual,actual_llm_a1p25,0,2.4819721682131193,3.660097425990767,-0.5403961309874763,0.22438870069378725,3.2915175511924795
actual,actual_global_a1p25,0,2.5223318534003862,3.74318710760424,-0.7477032335355454,0.18877391201741633,3.0842104486444106
actual,actual_gated_a1_d0p15,0,2.5022798344366266,3.6038437644867813,-0.02303800763786456,0.24804691441817728,3.808875674542091
actual,actual_global_a1,0,2.5530939127554286,3.627152033492549,0.12287415524008434,0.2382887761693906,3.9547878374200405
permutation,permuted_llm_a1p25,1,2.6584715564760275,3.905055429364869,-0.6500308078174103,0.11709649420660251,3.181882874362546
permutation,permuted_gated_a1_d0p15,1,2.5798104850958916,3.690171397644658,0.0044647172468703835,0.21159038422829823,3.836378399426826
permutation,permuted_llm_a1p25,2,2.645794367931712,3.8589239716164854,-0.6312335010045217,0.13783322973222756,3.200680181175434
permutation,permuted_gated_a1_d0p15,2,2.580083324173339,3.676990683878012,0.01784243273209173,0.2172124767631024,3.849756114912048
permutation,permuted_llm_a1p25,3,2.652055330246315,3.8806356248048246,-0.6303126292673523,0.12810423478757726,3.2016010529126038
permutation,permuted_gated_a1_d0p15,3,2.568500549843837,3.6652219712115652,0.028911423627853858,0.22221529534702456,3.86082510580781
permutation,permuted_llm_a1p25,4,2.621942487654316,3.8437898477818706,-0.6438679571226245,0.1445825475923156,3.1880457250573313
permutation,permuted_gated_a1_d0p15,4,2.5748056116167928,3.6725819364039807,0.011492892447277055,0.219088491065894,3.8434065746272332
permutation,permuted_llm_a1p25,5,2.652582798719289,3.88648906251076,-0.6519718104972775,0.12547196673000927,3.179941871682679
permutation,permuted_gated_a1_d0p15,5,2.5891857725261356,3.6926628254524623,0.013249203058529035,0.21052543167287607,3.8451628852384854
permutation,permuted_llm_a1p25,6,2.631088863682556,3.895938906006685,-0.6544705487260681,0.12121403629781136,3.1774431334538877
permutation,permuted_gated_a1_d0p15,6,2.573231746983807,3.691239360448889,0.016792429409431237,0.2111339750847845,3.848706111589387
permutation,permuted_llm_a1p25,7,2.6526851963258613,3.8729305055873255,-0.6482925991133456,0.13156314822793547,3.1836210830666105
permutation,permuted_gated_a1_d0p15,7,2.5875504005987504,3.6882981354099162,0.012963430074203605,0.2123906305782165,3.844877112254159
permutation,permuted_llm_a1p25,8,2.6201499530844496,3.866863297420016,-0.6725301436673521,0.13428194735923615,3.1593835385126043
permutation,permuted_gated_a1_d0p15,8,2.5654549606018433,3.672296482311613,0.002985873530090802,0.21920988017403154,3.834899555710047
permutation,permuted_llm_a1p25,9,2.636522072230556,3.862862765117534,-0.6451747783173524,0.13607230881851007,3.1867389038626035
permutation,permuted_gated_a1_d0p15,9,2.5763822889923684,3.6749969916205365,0.018348819829107483,0.21806111330517375,3.8502625020090635
permutation,permuted_llm_a1p25,10,2.604799103488766,3.8283007229382062,-0.6274695704547147,0.1514627218373762,3.204444111725241
permutation,permuted_gated_a1_d0p15,10,2.5735655456202706,3.666806030701699,0.034261541472227264,0.2215428539551384,3.8661752236521836
permutation,permuted_llm_a1p25,11,2.6461714322627317,3.8825094627647974,-0.655331516308581,0.12726200892900352,3.176582165871375
permutation,permuted_gated_a1_d0p15,11,2.591061391845407,3.6882083063270055,0.017057489213265165,0.21242899481190003,3.848971171393221
permutation,permuted_llm_a1p25,12,2.6477367909317038,3.885539730985206,-0.6464256492726019,0.12589914695479065,3.1854880329073545
permutation,permuted_gated_a1_d0p15,12,2.5825270811813,3.678922661627778,0.013956151914850196,0.2163896705532492,3.845869834094806
permutation,permuted_llm_a1p25,13,2.6316123204670054,3.8769137135114065,-0.6512580144819532,0.12977590036755227,3.1806556676980033
permutation,permuted_gated_a1_d0p15,13,2.5771929773419524,3.680951287215488,0.01824873265448594,0.21552523800436563,3.850162414834442
permutation,permuted_llm_a1p25,14,2.664916114697849,3.9062734781714274,-0.6389065276023806,0.11654562505700217,3.1930071545775753
permutation,permuted_gated_a1_d0p15,14,2.587506653943127,3.6911056927592756,0.02570984886256082,0.2111911071098076,3.8576235310425164
permutation,permuted_llm_a1p25,15,2.6644609300549997,3.9058037894528375,-0.6328441339528059,0.11675806466677174,3.19906954822715
permutation,permuted_gated_a1_d0p15,15,2.6019274509987684,3.708406290296119,0.03796278252763745,0.20377931862768228,3.8698764647075934
permutation,permuted_llm_a1p25,16,2.641391044551347,3.8978497862419714,-0.641076339253234,0.12035177095430105,3.190837342926722
permutation,permuted_gated_a1_d0p15,16,2.5833281069506544,3.6862916192674096,0.022011294118678835,0.21324735147372076,3.8539249762986345
permutation,permuted_llm_a1p25,17,2.6418169445022737,3.8777574014173624,-0.6460539920730188,0.1293971055374099,3.1858596901069376
permutation,permuted_gated_a1_d0p15,17,2.5684470498969962,3.660126381329573,0.014204421496258604,0.22437642879270214,3.8461181036762144
permutation,permuted_llm_a1p25,18,2.6405055840655263,3.8922801039496164,-0.6353000844578855,0.12286385379823217,3.1966135977220707
permutation,permuted_gated_a1_d0p15,18,2.5812762395010305,3.696475987999846,0.03066554500886809,0.2088941161080582,3.862579227188824
permutation,permuted_llm_a1p25,19,2.671267227185108,3.9305267980485152,-0.6562427509379575,0.1055411632038381,3.1756709312419984
permutation,permuted_gated_a1_d0p15,19,2.594637148710987,3.7029538194271776,0.011767252913468812,0.2061189643795147,3.843680935093425
permutation,permuted_llm_a1p25,20,2.6619158353594052,3.8812074243964085,-0.6476393113465871,0.12784727359846926,3.184274370833369
permutation,permuted_gated_a1_d0p15,20,2.5946990427354377,3.683856001644608,0.016132754451843694,0.21428665913856926,3.8480464366317997
permutation,permuted_llm_a1p25,21,2.6560912880013374,3.8860389971016995,-0.6418209188924101,0.12567450018426773,3.1900927632875464
permutation,permuted_gated_a1_d0p15,21,2.5923348156673214,3.6972536866461634,0.018284392644070238,0.2085612008140706,3.8501980748240263
permutation,permuted_llm_a1p25,22,2.646253166564209,3.892029821530796,-0.6509146907562546,0.12297665384974399,3.180998991423701
permutation,permuted_gated_a1_d0p15,22,2.583033477028896,3.6896609913343537,0.011991561457143066,0.21180846700549405,3.8439052436370993
permutation,permuted_llm_a1p25,23,2.6385506939751053,3.8741266274408943,-0.6439105325222703,0.13102664663003605,3.1880031496576855
permutation,permuted_gated_a1_d0p15,23,2.582182557920684,3.684486142157113,0.020471603894319162,0.21401783638736716,3.8523852860742753
permutation,permuted_llm_a1p25,24,2.662124833217433,3.8905237598862232,-0.6569467269066084,0.12365526923810954,3.1749669552733475
permutation,permuted_gated_a1_d0p15,24,2.5809689420898896,3.6759395582410015,-0.0015426156581133399,0.2176599570525154,3.830371066521843
permutation,permuted_llm_a1p25,25,2.6362254046886364,3.8899199111751614,-0.6572876045184948,0.1239272832916164,3.174626077661461
permutation,permuted_gated_a1_d0p15,25,2.5816402320279104,3.7052911849500534,0.013070789457675461,0.20511642646411132,3.8449844716376314
permutation,permuted_llm_a1p25,26,2.6336235716921625,3.877317629126135,-0.6595094719534423,0.12959456261362534,3.1724042102265133
permutation,permuted_gated_a1_d0p15,26,2.5702803722027423,3.6803507521494905,0.0008889011685039989,0.21578118606595686,3.83280258334846
permutation,permuted_llm_a1p25,27,2.649380276005404,3.8604107847585105,-0.6201786317003203,0.13716872955372827,3.2117350504796356
permutation,permuted_gated_a1_d0p15,27,2.5781269117174546,3.6704449424011263,0.036843922198710403,0.2199970168499048,3.868757604378666
permutation,permuted_llm_a1p25,28,2.6304209229826916,3.8731985070967796,-0.654779743552299,0.13144295477776502,3.177133938627657
permutation,permuted_gated_a1_d0p15,28,2.563235390441252,3.6656313221965298,0.007863604165731834,0.22204155159180716,3.8397772863456874
permutation,permuted_llm_a1p25,29,2.6529851848605635,3.893233046398749,-0.6440487758224553,0.1224343047594113,3.1878649063575004
permutation,permuted_gated_a1_d0p15,29,2.5930496420444977,3.694413989370312,0.02316928903386699,0.2097764723156854,3.8550829712138226
permutation,permuted_llm_a1p25,30,2.654923498918404,3.886887333738785,-0.6314148576736907,0.12529272155819282,3.200498824506265
permutation,permuted_gated_a1_d0p15,30,2.5818297556019467,3.681007103518548,0.024127000744238677,0.21550144697339502,3.856040682924195
permutation,permuted_llm_a1p25,31,2.6648589836100025,3.927716056921924,-0.6504976317223099,0.10681997057355042,3.1814160504576456
permutation,permuted_gated_a1_d0p15,31,2.5826364869859675,3.6919856554005923,0.01611488519570256,0.21081495689665353,3.8480285673756587
permutation,permuted_llm_a1p25,32,2.6275753487814915,3.829585061975783,-0.6277083625748405,0.15089328258081303,3.2042053196051157
permutation,permuted_gated_a1_d0p15,32,2.5694783224541076,3.6597534391579547,0.03300696331789135,0.2245344823525569,3.8649206454978478
permutation,permuted_llm_a1p25,33,2.638045424156096,3.875438815357677,-0.6472392111543934,0.13043789486763657,3.184674471025563
permutation,permuted_gated_a1_d0p15,33,2.58019499056786,3.68455770088275,0.007927757286787254,0.21398730598176618,3.839841439466743
permutation,permuted_llm_a1p25,34,2.6453462011276883,3.8765610387737697,-0.6334472194923849,0.12993421810139938,3.1984664626875707
permutation,permuted_gated_a1_d0p15,34,2.5813711810138904,3.6682801529716,0.03375298864579558,0.22091682046896666,3.865666670825752
permutation,permuted_llm_a1p25,35,2.6345442484911863,3.875687425542999,-0.6483061319479261,0.1303263261186688,3.18360755023203
permutation,permuted_gated_a1_d0p15,35,2.5822353374682647,3.6875742738324546,0.021777099512038982,0.21269975104193595,3.853690781691995
permutation,permuted_llm_a1p25,36,2.601132602385608,3.8419540619032984,-0.6446949103856152,0.14539944359365897,3.1872187717943405
permutation,permuted_gated_a1_d0p15,36,2.5574652536155007,3.6566367431842384,0.016268399343338912,0.2258547139847733,3.8481820815232948
permutation,permuted_llm_a1p25,37,2.6564592102649067,3.8629010209025045,-0.637646611141867,0.13605519695218204,3.1942670710380896
permutation,permuted_gated_a1_d0p15,37,2.5880388568348063,3.6770320206290275,0.02700830240916179,0.21719487646023972,3.858921984589118
permutation,permuted_llm_a1p25,38,2.6337172734953875,3.841679427406359,-0.6237240108283012,0.14552161809209307,3.208189671351655
permutation,permuted_gated_a1_d0p15,38,2.5832208653822906,3.6750336515283815,0.03756610221466837,0.21804551277512174,3.869479784394624
permutation,permuted_llm_a1p25,39,2.6583951160125174,3.8995838111414236,-0.6446942006458206,0.11956894385703276,3.1872194815341355
permutation,permuted_gated_a1_d0p15,39,2.5884054108440133,3.693811754077026,0.011247701838592814,0.21003408378558797,3.843161384018549
permutation,permuted_llm_a1p25,40,2.6512612307889887,3.9033450963232315,-0.6436887094506129,0.11786971158014392,3.188224972729343
permutation,permuted_gated_a1_d0p15,40,2.5760388855773817,3.6781975516553493,0.021154810305705988,0.2166985368821197,3.853068492485662
permutation,permuted_llm_a1p25,41,2.645576334775709,3.8972107793474136,-0.6349426184747005,0.12064016339577643,3.1969710637052553
permutation,permuted_gated_a1_d0p15,41,2.5855534321369253,3.6932093916568975,0.023517873129678353,0.21029170762453497,3.855431555309634
permutation,permuted_llm_a1p25,42,2.6224222149319525,3.8545526726633503,-0.6323065604452198,0.13978540817891005,3.1996071217347364
permutation,permuted_gated_a1_d0p15,42,2.576722326424693,3.68390636583066,0.02615374558171605,0.2142651750830743,3.8580674277616724
permutation,permuted_llm_a1p25,43,2.653974021686287,3.880399585615586,-0.6453225768918734,0.1282102974693079,3.186591105288082
permutation,permuted_gated_a1_d0p15,43,2.5952476718593305,3.688146275815567,0.016571132658100514,0.2124554862773299,3.8484848148380566
permutation,permuted_llm_a1p25,44,2.6234551133663406,3.848647084387682,-0.6267385302008108,0.14241927105768348,3.205175151979145
permutation,permuted_gated_a1_d0p15,44,2.5742512299715123,3.6694128689461922,0.02749936441706228,0.22043560519902838,3.8594130465970182
permutation,permuted_llm_a1p25,45,2.6227239495716845,3.8586462346797745,-0.6498515594881723,0.1379573300992445,3.1820621226917836
permutation,permuted_gated_a1_d0p15,45,2.5646135468365783,3.6647195576347107,0.006157828962770315,0.22242851179940348,3.8380715111427266
permutation,permuted_llm_a1p25,46,2.614502163334032,3.8485393995248387,-0.6365544615767548,0.14246726047796354,3.1953592206032018
permutation,permuted_gated_a1_d0p15,46,2.5639075823537367,3.662533736114644,0.011840632392254656,0.22335580000947453,3.8437543145722106
permutation,permuted_llm_a1p25,47,2.621883445347767,3.844883642686325,-0.651494581743316,0.14409564044448442,3.1804191004366404
permutation,permuted_gated_a1_d0p15,47,2.57694704869452,3.672845961660834,0.01763827925670255,0.2189762061521503,3.8495519614366587
permutation,permuted_llm_a1p25,48,2.644113616551106,3.8947343116710886,-0.6727885687029405,0.12175738000371872,3.1591251134770153
permutation,permuted_gated_a1_d0p15,48,2.5732245466650006,3.6731702614446027,-0.004113204918757335,0.21883827658350208,3.827800477261199
permutation,permuted_llm_a1p25,49,2.6362710525004296,3.8605858343806894,-0.6500943247156662,0.1370904779267802,3.1818193574642897
permutation,permuted_gated_a1_d0p15,49,2.580566663043494,3.6789857751652044,0.011786099570659183,0.21636278396245756,3.8436997817506153
permutation,permuted_llm_a1p25,50,2.6488839473578114,3.8945590032211292,-0.64599374053673,0.12183644053776632,3.1859199416432262
permutation,permuted_gated_a1_d0p15,50,2.583446128173114,3.6913908892114278,0.008788695280117548,0.2110692064071561,3.8407023774600733
permutation,permuted_llm_a1p25,51,2.6278552733674365,3.8320793936411506,-0.6253949166797076,0.14978682144526778,3.206518765500248
permutation,permuted_gated_a1_d0p15,51,2.577160348045696,3.672028299398196,0.03286565275577346,0.2193239161317534,3.8647793349357293
permutation,permuted_llm_a1p25,52,2.6455855387368263,3.8819921193281974,-0.6485277848387335,0.12749457768094008,3.1833858973412226
permutation,permuted_gated_a1_d0p15,52,2.5737333899698682,3.6688248252178197,0.009272622278148403,0.2206854441992111,3.8411863044581045
permutation,permuted_llm_a1p25,53,2.654261348353119,3.867243334686488,-0.630884383107589,0.13411177258741291,3.201029299072367
permutation,permuted_gated_a1_d0p15,53,2.592654544122122,3.678428984514729,0.023682108453755617,0.21659996283982952,3.855595790633712
permutation,permuted_llm_a1p25,54,2.645171411962092,3.8418117268775647,-0.6384519900086635,0.14546276415241788,3.193461692171293
permutation,permuted_gated_a1_d0p15,54,2.5882584436950746,3.6683944777919244,0.021016584595365616,0.2208682582388486,3.8529302667753216
permutation,permuted_llm_a1p25,55,2.6520691289012155,3.8859363171091146,-0.6652055017893599,0.12572070381209632,3.166708180390596
permutation,permuted_gated_a1_d0p15,55,2.585895026348831,3.694471034655476,-0.0032970147670162387,0.20975206851327588,3.82861666741294
permutation,permuted_llm_a1p25,56,2.6612903665357206,3.905846776241602,-0.6377587897971105,0.11673862285889647,3.1941548923828456
permutation,permuted_gated_a1_d0p15,56,2.588041529189876,3.688376566899642,0.015168247885699405,0.21235713326823658,3.8470819300656554
permutation,permuted_llm_a1p25,57,2.649208385344537,3.8698526480503057,-0.6296334681800719,0.13294291107438871,3.202280213999884
permutation,permuted_gated_a1_d0p15,57,2.5853539730168245,3.680173098003383,0.03741834914955055,0.21585689426367116,3.869332031329507
permutation,permuted_llm_a1p25,58,2.659585868929361,3.904506235547324,-0.6683482018025148,0.11734481388315277,3.163565480377441
permutation,permuted_gated_a1_d0p15,58,2.587229026882354,3.6953574218278398,-0.005098601753713912,0.2093728263150504,3.826815080426242
permutation,permuted_llm_a1p25,59,2.628964968889281,3.862802465398966,-0.6364054861710259,0.1360992806232093,3.19550819600893
permutation,permuted_gated_a1_d0p15,59,2.5827716065330666,3.6895054503555174,0.016743704284182336,0.21187491945126946,3.8486573864641382
permutation,permuted_llm_a1p25,60,2.6281431168115863,3.865599141885623,-0.6384503299443645,0.13484789618764315,3.1934633522355917
permutation,permuted_gated_a1_d0p15,60,2.581879690322532,3.6864048027479197,0.022592362385092896,0.21319903800354056,3.854506044565049
permutation,permuted_llm_a1p25,61,2.642665900162294,3.874760318675909,-0.6313228797741985,0.1307423472840059,3.200590802405758
permutation,permuted_gated_a1_d0p15,61,2.5815865264002613,3.6832262569931387,0.02682194278735982,0.21455526707631523,3.8587356249673155
permutation,permuted_llm_a1p25,62,2.6382069169237146,3.8790739452389382,-0.6659117526903255,0.12880584553067032,3.16600192948963
permutation,permuted_gated_a1_d0p15,62,2.5755091062989517,3.6799795078047457,0.0048046791330246365,0.21593938952836855,3.8367183613129807
permutation,permuted_llm_a1p25,63,2.6345988377428555,3.8771343647248373,-0.6428999810038714,0.129676841434626,3.189013701176085
permutation,permuted_gated_a1_d0p15,63,2.576827980344507,3.681279087187615,0.029500362245068103,0.21538551202861456,3.861414044425024
permutation,permuted_llm_a1p25,64,2.6478351722238966,3.8785449782348076,-0.6487507326647752,0.129043428803297,3.1831629495151805
permutation,permuted_gated_a1_d0p15,64,2.5853098872655687,3.684577606061651,0.010569083471489178,0.21397881336646485,3.8424827656514453
permutation,permuted_llm_a1p25,65,2.6548209295799206,3.9039763918189636,-0.6580332901274318,0.11758435125610622,3.1738803920525243
permutation,permuted_gated_a1_d0p15,65,2.5804515780515276,3.6879350844678034,-0.002007664923739344,0.21254567674855362,3.8299060172562167
permutation,permuted_llm_a1p25,66,2.618293093938489,3.8862775208892537,-0.6510689550794314,0.12556716527063805,3.1808447271005242
permutation,permuted_gated_a1_d0p15,66,2.5598027622290345,3.6649426118829864,0.006368762313826759,0.22233385467799982,3.8382824444937826
permutation,permuted_llm_a1p25,67,2.633446483642025,3.863946786013606,-0.6353131885047768,0.1355873591154768,3.1966004936751795
permutation,permuted_gated_a1_d0p15,67,2.5829258778013275,3.6828981185108827,0.024192648632439123,0.2146952113229027,3.856106330812395
permutation,permuted_llm_a1p25,68,2.642661379476197,3.8742692735510382,-0.6354416729238971,0.13096265390980077,3.196472009256059
permutation,permuted_gated_a1_d0p15,68,2.582750358569238,3.6828305961696532,0.03149183464331456,0.2147240066520797,3.863405516823271
permutation,permuted_llm_a1p25,69,2.6460290441974466,3.896725449992,-0.634397824289883,0.1208591674953251,3.197515857890073
permutation,permuted_gated_a1_d0p15,69,2.5801909081210854,3.684497900042203,0.023609692439709378,0.21401281994689125,3.8555233746196653
permutation,permuted_llm_a1p25,70,2.662668218436332,3.8645864471361207,-0.6243938797384413,0.13530113523166454,3.207519802441515
permutation,permuted_gated_a1_d0p15,70,2.576775968323888,3.6648641399327326,0.03325490073452257,0.22236715633219395,3.8651685829144786
permutation,permuted_llm_a1p25,71,2.6645629417501784,3.903511167480708,-0.6309813593092106,0.11779464800731854,3.200932322870745
permutation,permuted_gated_a1_d0p15,71,2.598920330457038,3.6975753492206294,0.03816435919023208,0.2084234838287763,3.8700780413701885
permutation,permuted_llm_a1p25,72,2.624401207270035,3.867433935549487,-0.64734304461657,0.13402641819092043,3.1845706375633864
permutation,permuted_gated_a1_d0p15,72,2.5794043566445426,3.680234111137483,0.016860938740443122,0.2158308936252329,3.8487746209203992
permutation,permuted_llm_a1p25,73,2.653871524643106,3.883620129888934,-0.6334480984625266,0.1267626102537105,3.1984655837174296
permutation,permuted_gated_a1_d0p15,73,2.593006087538565,3.6974861704149378,0.017759148311514344,0.2084616661457731,3.8496728304914707
permutation,permuted_llm_a1p25,74,2.641869061476227,3.8855621633947712,-0.6337363847752583,0.12588905402238149,3.1981772974046976
permutation,permuted_gated_a1_d0p15,74,2.5870220636323147,3.699359829248614,0.022360626014200965,0.2076592568935749,3.8542743081941566
permutation,permuted_llm_a1p25,75,2.644029526462,3.896749150816775,-0.6339268200216613,0.12084847316930358,3.1979868621582943
permutation,permuted_gated_a1_d0p15,75,2.583774837753715,3.6919717569555495,0.035911284311132226,0.21082089864471476,3.867824966491088
permutation,permuted_llm_a1p25,76,2.6342393800000323,3.8786424854642725,-0.6302226233330137,0.128999636283047,3.2016910588469427
permutation,permuted_gated_a1_d0p15,76,2.5863086680124785,3.6936103885211216,0.0214820325008639,0.21012021031320072,3.85339571468082
permutation,permuted_llm_a1p25,77,2.6586953963825812,3.8789309361214483,-0.6368046802341465,0.12887008066119743,3.1951090019458093
permutation,permuted_gated_a1_d0p15,77,2.5865645605285503,3.6821538995427394,0.016756377578509632,0.21501255904781236,3.848670059758465
permutation,permuted_llm_a1p25,78,2.649006408985713,3.9049503050899457,-0.6512413800618521,0.11714402917416755,3.1806723021181034
permutation,permuted_gated_a1_d0p15,78,2.58087414763888,3.6829659667432053,0.01589286349323362,0.21466627648364212,3.847806545673189
permutation,permuted_llm_a1p25,79,2.630359129205111,3.8478278634407457,-0.6198822133011191,0.14278432054620793,3.2120314688788367
permutation,permuted_gated_a1_d0p15,79,2.570098643696267,3.664440535268247,0.037961887061512295,0.22254691189738485,3.8698755692414686
permutation,permuted_llm_a1p25,80,2.6319358562980235,3.8525491731823385,-0.645471709497843,0.14067941157403996,3.1864419726821125
permutation,permuted_gated_a1_d0p15,80,2.5810538721933693,3.68435215761172,0.006111591666333371,0.21407499906571725,3.8380252738462897
permutation,permuted_llm_a1p25,81,2.627005751676476,3.874077249945191,-0.6246276554518475,0.13104879740553177,3.2072860267281085
permutation,permuted_gated_a1_d0p15,81,2.5866194005388468,3.692209809217068,0.031227630220067464,0.21071912542496685,3.8631413124000233
permutation,permuted_llm_a1p25,82,2.629345987466143,3.8323657504484525,-0.6659427836967846,0.14965975026384848,3.1659708984831716
permutation,permuted_gated_a1_d0p15,82,2.557109915947407,3.6504484531564487,-0.004858607112097246,0.22847273824378378,3.8270550750678587
permutation,permuted_llm_a1p25,83,2.6207583951447053,3.8453085497758166,-0.6524506680381938,0.14390645400366808,3.179463014141762
permutation,permuted_gated_a1_d0p15,83,2.5626954308325085,3.6638528852722456,0.009374485878359576,0.22279624527670472,3.8412881680583153
permutation,permuted_llm_a1p25,84,2.6325459630782424,3.8831300554625856,-0.6324569191932319,0.12698298418160425,3.199456762986724
permutation,permuted_gated_a1_d0p15,84,2.5818379562839446,3.6955955670578717,0.027245961212595173,0.2092709199847096,3.8591596433925512
permutation,permuted_llm_a1p25,85,2.642452326451487,3.877497602301237,-0.6290939382378007,0.12951375764443063,3.2028197439421553
permutation,permuted_gated_a1_d0p15,85,2.580480268176183,3.689285632057209,0.03541959397591139,0.21196882859735988,3.8673332761558674
permutation,permuted_llm_a1p25,86,2.6509390013744767,3.8824543431800826,-0.6455794205608121,0.1272867890948337,3.186334261619144
permutation,permuted_gated_a1_d0p15,86,2.5841935691168985,3.6830599039248213,0.004014209953903928,0.2146262147626865,3.8359278921338595
permutation,permuted_llm_a1p25,87,2.661299045606305,3.886845834730349,-0.650935938475665,0.12531139937817126,3.1809777437042914
permutation,permuted_gated_a1_d0p15,87,2.5902527012064773,3.6753908037336527,0.016948968437412774,0.21789351942401403,3.848862650617369
permutation,permuted_llm_a1p25,88,2.654203823487659,3.917723581405938,-0.6545306294995878,0.11135885593558992,3.1773830526803684
permutation,permuted_gated_a1_d0p15,88,2.5841199851253247,3.703105630012926,0.009029578108343081,0.206053869311421,3.840943260288299
permutation,permuted_llm_a1p25,89,2.653713606588051,3.8848260177815033,-0.6301813865343113,0.12622023492039247,3.2017322956456447
permutation,permuted_gated_a1_d0p15,89,2.5981700256429745,3.7006081534292092,0.03127289487978181,0.20712442652463758,3.863186577059738
permutation,permuted_llm_a1p25,90,2.6499738241687405,3.8912995823050025,-0.6516848080230783,0.1233057246934498,3.180228874156878
permutation,permuted_gated_a1_d0p15,90,2.5814626460129597,3.6845125780949117,0.012773571023301566,0.21400655760963394,3.844687253203258
permutation,permuted_llm_a1p25,91,2.6542277078283747,3.86177169325156,-0.6465860739881029,0.13656027545616922,3.185327608191853
permutation,permuted_gated_a1_d0p15,91,2.582322241333538,3.667191317992427,0.004692007166202877,0.22137925359030153,3.836605689346159
permutation,permuted_llm_a1p25,92,2.6231207183138814,3.8727796415530094,-0.6815329542054276,0.13163080414639683,3.1503807279745284
permutation,permuted_gated_a1_d0p15,92,2.5699026428135205,3.679134075446529,-0.0014996421173648828,0.21629960570138884,3.8304140400625912
permutation,permuted_llm_a1p25,93,2.6305821064306047,3.8862680353115016,-0.6584654781937326,0.12557143387496494,3.173448203986223
permutation,permuted_gated_a1_d0p15,93,2.583591550510345,3.685889863011195,0.006242932755576005,0.2134188330638357,3.838156614935532
permutation,permuted_llm_a1p25,94,2.649136343117867,3.863522160838961,-0.6498779629204098,0.13577733647309953,3.1820357192595465
permutation,permuted_gated_a1_d0p15,94,2.569537473890122,3.66058381918305,0.016601105491120646,0.22418254381948055,3.8485147876710766
permutation,permuted_llm_a1p25,95,2.6537109591436474,3.917180066724289,-0.6424095597691787,0.1116054052366654,3.189504122410777
permutation,permuted_gated_a1_d0p15,95,2.5843668864754874,3.696578480322945,0.01830451785964239,0.20885024545708897,3.850218200039598
permutation,permuted_llm_a1p25,96,2.6506778553094845,3.8822242196784518,-0.6323201420930735,0.1273902421430041,3.1995935400868825
permutation,permuted_gated_a1_d0p15,96,2.5823000398880787,3.6862654327734705,0.01910011721941454,0.2132585292222079,3.8510137993993707
permutation,permuted_llm_a1p25,97,2.631177714876551,3.8869133605458352,-0.6499281018636837,0.12528100734482472,3.1819855803162724
permutation,permuted_gated_a1_d0p15,97,2.5893893294354395,3.700497085665766,0.02013675960568863,0.2071720195641873,3.8520504417856447
permutation,permuted_llm_a1p25,98,2.6357660678628254,3.8582033527313175,-0.6239518895935586,0.13815520324138408,3.2079617925863975
permutation,permuted_gated_a1_d0p15,98,2.5855718944108528,3.6795703963736033,0.03900087458293882,0.21611371132962887,3.8709145567628953
permutation,permuted_llm_a1p25,99,2.647497384026501,3.894170950323772,-0.64674453008644,0.12201143181970941,3.185169152093516
permutation,permuted_gated_a1_d0p15,99,2.584091481387601,3.687969106829648,0.019645694960685224,0.21253114765360692,3.851559377140641
permutation,permuted_llm_a1p25,100,2.65366361823802,3.8663033155595117,-0.6259668395454058,0.13453266804223163,3.20594684263455
permutation,permuted_gated_a1_d0p15,100,2.5803429056910305,3.669764108906609,0.027711338960709625,0.220286356650643,3.859625021140666
permutation,permuted_llm_a1p25,101,2.6625507698522144,3.950399725632198,-0.6527158944605292,0.09647344606270558,3.1791977877194264
permutation,permuted_gated_a1_d0p15,101,2.5857439154372788,3.715885803183693,0.01598656734102432,0.20056427255711173,3.8479002495209804
permutation,permuted_llm_a1p25,102,2.661665434298484,3.894152655663133,-0.6506501165867407,0.12201968131125673,3.1812635655932153
permutation,permuted_gated_a1_d0p15,102,2.5900878307176245,3.6929466270524323,0.009617824463104495,0.21040407601918165,3.84153150664306
permutation,permuted_llm_a1p25,103,2.647348150418456,3.8799367393379933,-0.6467700535558291,0.12841825571955878,3.185143628624127
permutation,permuted_gated_a1_d0p15,103,2.577921979063799,3.6793471196384813,0.016892669295544307,0.21620884105520166,3.8488063514755
permutation,permuted_llm_a1p25,104,2.6307908420769643,3.8485700768240085,-0.6429606909256201,0.14245358937289487,3.188952991254336
permutation,permuted_gated_a1_d0p15,104,2.5865797549250593,3.6679747247074426,0.01270100441301953,0.22104655108221027,3.8446146865929753
permutation,permuted_llm_a1p25,105,2.626478868362688,3.8704104466023335,-0.6409596268737631,0.13269293874274923,3.190954055306193
permutation,permuted_gated_a1_d0p15,105,2.5793956354461907,3.6907691620821366,0.02217581727855372,0.21133493733932707,3.85408949945851
permutation,permuted_llm_a1p25,106,2.6618599875649944,3.8725897024295413,-0.6488882822295462,0.13171597978484106,3.1830253999504095
permutation,permuted_gated_a1_d0p15,106,2.582130529147609,3.674351674341859,0.014411722846015987,0.21833570094302912,3.846325405025972
permutation,permuted_llm_a1p25,107,2.6450844661823196,3.8802468233535254,-0.6336788910140434,0.12827893676412083,3.198234791165912
permutation,permuted_gated_a1_d0p15,107,2.5859149483542043,3.6933542378480095,0.01921638618990216,0.21022976232482382,3.851130068369858
permutation,permuted_llm_a1p25,108,2.651872270633349,3.898961644119947,-0.6328317605247045,0.11984986176847756,3.1990819216552513
permutation,permuted_gated_a1_d0p15,108,2.580823298537964,3.690548385935804,0.02064640763908698,0.2114292879843478,3.852560089819043
permutation,permuted_llm_a1p25,109,2.6587171787058237,3.8851004253632575,-0.6402881171269226,0.1260967903905973,3.191625565053034
permutation,permuted_gated_a1_d0p15,109,2.587101419153786,3.6823370426555915,0.017575947165493298,0.21493446963454854,3.8494896293454492
permutation,permuted_llm_a1p25,110,2.627872550618001,3.8501608933909135,-0.6496098843103332,0.14174450472207212,3.1823037978696225
permutation,permuted_gated_a1_d0p15,110,2.5739929249068334,3.6612078224744904,0.02438997501203179,0.223918021037114,3.856303657191988
permutation,permuted_llm_a1p25,111,2.656761667221675,3.898173729338598,-0.647944130589366,0.12020555299929037,3.18396955159059
permutation,permuted_gated_a1_d0p15,111,2.5746588236885346,3.686622060740534,0.008184995741344635,0.21310629515848167,3.8400986779213007
permutation,permuted_llm_a1p25,112,2.6517780110343776,3.8678117288850524,-0.6403125614046536,0.13385722330209726,3.191601120775302
permutation,permuted_gated_a1_d0p15,112,2.5769511464158583,3.664625758395688,0.011432451488006961,0.22246831548933443,3.843346133667963
permutation,permuted_llm_a1p25,113,2.638291322435144,3.884348632825267,-0.6413912049654652,0.12643496972892032,3.1905224772144907
permutation,permuted_gated_a1_d0p15,113,2.571696133353503,3.6756523242173658,0.017576913645902227,0.21778221472043602,3.8494905958258583
permutation,permuted_llm_a1p25,114,2.615502669205783,3.83626863939538,-0.6422120129943075,0.14792689191683728,3.1897016691856486
permutation,permuted_gated_a1_d0p15,114,2.5700067453200135,3.657774966388424,0.02515566671608665,0.2253726933027721,3.857069348896043
permutation,permuted_llm_a1p25,115,2.6325636362405316,3.878992127229184,-0.6480419742317137,0.1288425958587729,3.1838717079482426
permutation,permuted_gated_a1_d0p15,115,2.5762941157518635,3.6764547449760925,0.018402680808103002,0.21744065015146707,3.850316362988059
permutation,permuted_llm_a1p25,116,2.646608983603578,3.893548937482807,-0.6220932532506079,0.12229189025613874,3.209820428929348
permutation,permuted_gated_a1_d0p15,116,2.580643710484209,3.686806131947261,0.036601992911578535,0.2130277147738172,3.868515675091535
permutation,permuted_llm_a1p25,117,2.641284356302896,3.8846496568846796,-0.6379035239044022,0.12629956773190576,3.1940101582755536
permutation,permuted_gated_a1_d0p15,117,2.5852843865446733,3.688410568282141,0.024424313426844108,0.21234261139426913,3.8563379956068
permutation,permuted_llm_a1p25,118,2.621657152759494,3.872711768256625,-0.6543117398318937,0.13166124149051706,3.1776019423480624
permutation,permuted_gated_a1_d0p15,118,2.5690302934015112,3.6671238043570438,0.011173893495775628,0.22140792241542018,3.8430875756757312
permutation,permuted_llm_a1p25,119,2.6277416245631358,3.8411817563226993,-0.6414738863801361,0.1457429908775273,3.19043979579982
permutation,permuted_gated_a1_d0p15,119,2.5708522625242125,3.6580385373861475,0.02413814428357461,0.22526105349444314,3.856051826463531
permutation,permuted_llm_a1p25,120,2.6258741287138916,3.8656096421316417,-0.6385655985227844,0.13484319610264306,3.1933480836571717
permutation,permuted_gated_a1_d0p15,120,2.587448243986394,3.682850375428592,0.031154517703531694,0.2147155717167687,3.8630681998834877
permutation,permuted_llm_a1p25,121,2.6215395900856833,3.859030946483563,-0.6299624234967011,0.1377854280887112,3.2019512586832555
permutation,permuted_gated_a1_d0p15,121,2.5822814849132834,3.6772856660764384,0.02875990991435612,0.21708687533164228,3.860673592094312
permutation,permuted_llm_a1p25,122,2.6540100630550594,3.8930900086976172,-0.6476124063826135,0.12249878724594321,3.1843012757973423
permutation,permuted_gated_a1_d0p15,122,2.58136165055294,3.683494966022259,0.01898406464351258,0.21444065897153852,3.850897746823468
permutation,permuted_llm_a1p25,123,2.664564768911866,3.905144945215971,-0.6486622150006682,0.11705601602848648,3.1832514671792875
permutation,permuted_gated_a1_d0p15,123,2.5823162208615704,3.6869125525165196,0.01087691185432772,0.2129822818194823,3.842790594034284
permutation,permuted_llm_a1p25,124,2.6360901532151955,3.9166380425910905,-0.647994385690117,0.11185124432855176,3.1839192964898393
permutation,permuted_gated_a1_d0p15,124,2.5878262835699357,3.7053088552799958,0.013939796659689748,0.20510884493391535,3.845853478839646
permutation,permuted_llm_a1p25,125,2.6322579504783232,3.856012195235123,-0.6484169021033075,0.1391338460302588,3.1834967800766485
permutation,permuted_gated_a1_d0p15,125,2.5653739919609198,3.665360262034755,0.0012325186421814293,0.22215660175789198,3.8331462008221373
permutation,permuted_llm_a1p25,126,2.648968173171233,3.898881325550078,-0.6666819182108947,0.11988612356261363,3.1652317639690613
permutation,permuted_gated_a1_d0p15,126,2.5822535371593074,3.6791893196104835,0.00701425210967737,0.21627607016436645,3.838927934289633
permutation,permuted_llm_a1p25,127,2.6203784666850356,3.847220376375942,-0.6192843721340707,0.14305497003897794,3.212629310045885
permutation,permuted_gated_a1_d0p15,127,2.565048903700991,3.6604660903753463,0.03511789897192489,0.22423244547445398,3.8670315811518807
permutation,permuted_llm_a1p25,128,2.625858634214131,3.9030150279844626,-0.6539681360963855,0.11801889181466219,3.1779455460835706
permutation,permuted_gated_a1_d0p15,128,2.575963723670309,3.68993604157394,0.017425111872213166,0.21169094924382403,3.8493387940521693
permutation,permuted_llm_a1p25,129,2.623545775921074,3.864567233199981,-0.6563775106202073,0.13530973342331754,3.1755361715597483
permutation,permuted_gated_a1_d0p15,129,2.567825333146507,3.6716463788826466,-0.0027930877110708572,0.21948630088633336,3.8291205944688858
permutation,permuted_llm_a1p25,130,2.6338649036358466,3.8694918121512876,-0.6579043409930997,0.13310459719859846,3.174009341186857
permutation,permuted_gated_a1_d0p15,130,2.5709947091081338,3.6708505951954344,0.0035846923733714423,0.21982459749515026,3.8354983745533278
permutation,permuted_llm_a1p25,131,2.6316599884627756,3.8593098379424173,-0.6510236398713366,0.13766079940742026,3.1808900423086195
permutation,permuted_gated_a1_d0p15,131,2.5832171367946195,3.6804290457030353,0.017857420146975764,0.2157478197186058,3.849771102326932
permutation,permuted_llm_a1p25,132,2.634121730446135,3.8522481696216153,-0.6539198133703458,0.14081368550055706,3.1779938688096103
permutation,permuted_gated_a1_d0p15,132,2.57106064982285,3.668413446075489,0.0024015008477128504,0.22086020085564717,3.834315183027669
permutation,permuted_llm_a1p25,133,2.636440818172632,3.8535155523741667,-0.6485539515279338,0.14024825098320892,3.1833597306520223
permutation,permuted_gated_a1_d0p15,133,2.5751107520947487,3.6688126932880336,0.005244358109908159,0.22069059820589754,3.8371580402898644
permutation,permuted_llm_a1p25,134,2.6248353182659687,3.8593844686927063,-0.6483722356160343,0.13762744751471956,3.1835414465639222
permutation,permuted_gated_a1_d0p15,134,2.569570716703959,3.6566407137385513,0.011573742561928203,0.22585303277453095,3.843487424741884
permutation,permuted_llm_a1p25,135,2.6364034227163526,3.856530761737335,-0.6595050692175312,0.13890228744312505,3.1724086129624247
permutation,permuted_gated_a1_d0p15,135,2.576649513484625,3.6710813943646645,0.008623272643778442,0.2197264897183816,3.840536954823735
permutation,permuted_llm_a1p25,136,2.6246683559472257,3.8323310291983264,-0.6299762290681277,0.14967515836666445,3.2019374531118285
permutation,permuted_gated_a1_d0p15,136,2.5759163976172395,3.665129575491711,0.028861586579545597,0.22225450883665276,3.8607752687595016
permutation,permuted_llm_a1p25,137,2.6429518699789583,3.8886560067164515,-0.6404560893265127,0.12449649415036002,3.1914575928534434
permutation,permuted_gated_a1_d0p15,137,2.582268886776711,3.6928678839098996,0.019455178646414467,0.2104377481015569,3.8513688608263705
permutation,permuted_llm_a1p25,138,2.6394740108699484,3.8596538727860605,-0.6750829090965809,0.13750704758758292,3.1568307730833753
permutation,permuted_gated_a1_d0p15,138,2.5739751486442763,3.6790345252455197,-0.016062012961465078,0.21634201593960378,3.815851669218491
permutation,permuted_llm_a1p25,139,2.66833835689376,3.891242857444903,-0.644298803360151,0.12333128427661533,3.187614878819805
permutation,permuted_gated_a1_d0p15,139,2.583037226636601,3.67591441524128,0.011496377853523816,0.21767065924600826,3.84341006003348
permutation,permuted_llm_a1p25,140,2.6264503555547876,3.8957414217673327,-0.6627834337024868,0.12130312495308493,3.169130248477469
permutation,permuted_gated_a1_d0p15,140,2.5595335928846703,3.670630412045355,0.006537219784672959,0.2199181868807314,3.8384509019646287
permutation,permuted_llm_a1p25,141,2.623249629376584,3.8491154610510367,-0.6405992106961579,0.14221052484996555,3.191314471483798
permutation,permuted_gated_a1_d0p15,141,2.5779781920230826,3.6723303966064633,0.013521548907506757,0.21919545864312262,3.8454352310874627
permutation,permuted_llm_a1p25,142,2.633225362021829,3.8625657018839115,-0.6518179122388335,0.1362051798527708,3.1800957699411225
permutation,permuted_gated_a1_d0p15,142,2.586228476532467,3.6844918681726924,0.009368758357456214,0.2140153934146226,3.8412824405374115
permutation,permuted_llm_a1p25,143,2.654463068331978,3.9217578243486257,-0.6711872950290387,0.10952777214503906,3.1607263871509175
permutation,permuted_gated_a1_d0p15,143,2.5757030166066146,3.685524640334704,-0.012628712060459199,0.21357470481099194,3.819284970119497
permutation,permuted_llm_a1p25,144,2.662807534373396,3.9051749414505084,-0.637272546928925,0.1170424518218226,3.194641135251031
permutation,permuted_gated_a1_d0p15,144,2.5889860181540536,3.6997276550551503,0.01334539597932645,0.20750168484036358,3.8452590781592826
permutation,permuted_llm_a1p25,145,2.6368764005856367,3.8725579278686553,-0.6283173481687203,0.13173022825028735,3.2035963340112352
permutation,permuted_gated_a1_d0p15,145,2.567082911124865,3.677177136348282,0.028380221128648058,0.21713308772982554,3.8602939033086043
permutation,permuted_llm_a1p25,146,2.6264507171006093,3.8697590432430298,-0.637705030309621,0.1329848556844404,3.194208651870335
permutation,permuted_gated_a1_d0p15,146,2.5822516681394014,3.693212875388254,0.008377799756204325,0.21029021779141366,3.84029148193616
permutation,permuted_llm_a1p25,147,2.630473094228959,3.852237712721261,-0.6498833281498837,0.1408183500045489,3.182030354030072
permutation,permuted_gated_a1_d0p15,147,2.564434597451486,3.6675919690120913,0.007850713514113986,0.22120911126069687,3.8397643956940697
permutation,permuted_llm_a1p25,148,2.625514622120824,3.870611705657107,-0.6364882474001228,0.13260273748885532,3.195425434779833
permutation,permuted_gated_a1_d0p15,148,2.5837054333739196,3.6864372606383906,0.01815695427051909,0.21318518276341314,3.850070636450475
permutation,permuted_llm_a1p25,149,2.632398767682256,3.886427089677872,-0.651590934508293,0.12549985645087836,3.180322747671663
permutation,permuted_gated_a1_d0p15,149,2.5637919958960147,3.676059601045973,0.010939797547394912,0.2176088594622757,3.842853479727351
permutation,permuted_llm_a1p25,150,2.6175066644222595,3.83100076643275,-0.6065844665232188,0.15026537833767772,3.225329215656737
permutation,permuted_gated_a1_d0p15,150,2.5782527892779727,3.667801076542028,0.048740126012444256,0.22112030330009036,3.8806538081924007
permutation,permuted_llm_a1p25,151,2.642001347621865,3.8911058850918114,-0.6573875627011501,0.12339300094034844,3.1745261194788066
permutation,permuted_gated_a1_d0p15,151,2.5731715627608227,3.685628935073898,-0.0019395680242586225,0.21353019490286074,3.829974114155697
permutation,permuted_llm_a1p25,152,2.6448545273070767,3.9156450772289855,-0.6339791514010255,0.11230152293446516,3.19793453077893
permutation,permuted_gated_a1_d0p15,152,2.587693242136515,3.7197539182384203,0.017861063565949936,0.19889903361667083,3.849774745745906
permutation,permuted_llm_a1p25,153,2.675106017849684,3.9004957317838564,-0.6409339166951424,0.11915711676437157,3.190979765484814
permutation,permuted_gated_a1_d0p15,153,2.5908334227319205,3.6925728551002557,0.0180133302330391,0.21056390171090922,3.849927012412995
permutation,permuted_llm_a1p25,154,2.6235339017067463,3.8537629203659898,-0.6368467675928339,0.14013786767901049,3.1950669145871218
permutation,permuted_gated_a1_d0p15,154,2.562147708763854,3.652725559747827,0.024637219530202065,0.22750989886292594,3.856550901710158
permutation,permuted_llm_a1p25,155,2.6261114110499597,3.8870491798372626,-0.6254351984692121,0.12521987617033115,3.206478483710744
permutation,permuted_gated_a1_d0p15,155,2.5802819291071004,3.691615388839133,0.03959459047470483,0.21097324254932504,3.871508272654661
permutation,permuted_llm_a1p25,156,2.6657477715062408,3.8803521590844228,-0.6358055767980371,0.1282316074957195,3.196108105381919
permutation,permuted_gated_a1_d0p15,156,2.590349921420837,3.6895007009449987,0.021724691580548818,0.21187694851841077,3.853638373760505
permutation,permuted_llm_a1p25,157,2.6415233048935236,3.881683696553088,-0.6433438781497983,0.12763321261136296,3.188569804030158
permutation,permuted_gated_a1_d0p15,157,2.5813068115129747,3.6847329201819083,0.019412236811842936,0.21391254646960445,3.8513259189917988
permutation,permuted_llm_a1p25,158,2.6393855600396687,3.867267824760237,-0.6532289343270193,0.13410080574004535,3.1786847478529365
permutation,permuted_gated_a1_d0p15,158,2.58174886172382,3.6736233800962395,0.009588150347732157,0.2186455380205483,3.841501832527688
permutation,permuted_llm_a1p25,159,2.6477012979326497,3.8979935808277006,-0.6528267530548295,0.12028686799869726,3.1790869291251265
permutation,permuted_gated_a1_d0p15,159,2.576685554527601,3.6776311199878426,0.015365127081881109,0.2169397705757713,3.847278809261837
permutation,permuted_llm_a1p25,160,2.6348265270566977,3.867368627202302,-0.6533993162064872,0.13405566488356413,3.1785143659734687
permutation,permuted_gated_a1_d0p15,160,2.5777936416790013,3.6893770458314785,0.00974216142921112,0.2119297761610479,3.8416558436091672
permutation,permuted_llm_a1p25,161,2.628117736178043,3.850872139898946,-0.6375480184948308,0.14142738155558698,3.1943656636851254
permutation,permuted_gated_a1_d0p15,161,2.5640950340263515,3.664527586613551,0.02454797531388685,0.22250997357599467,3.856461657493843
permutation,permuted_llm_a1p25,162,2.668782782258517,3.912530677836801,-0.634800982764512,0.11371306462403263,3.1971126994154435
permutation,permuted_gated_a1_d0p15,162,2.59453352055206,3.6928354286935234,0.022458052894645444,0.21045162636740744,3.854371735074601
permutation,permuted_llm_a1p25,163,2.6365381223229107,3.8860686017069312,-0.6545418540846978,0.12566117856815395,3.177371828095258
permutation,permuted_gated_a1_d0p15,163,2.577960954442662,3.69295156983651,0.0029323630027440492,0.21040196236568665,3.8348460451827
permutation,permuted_llm_a1p25,164,2.641319666071587,3.900699074745761,-0.6358346104548536,0.11906527312090431,3.1960790717251024
permutation,permuted_gated_a1_d0p15,164,2.5822928679668764,3.6980548724594478,0.020485486534535274,0.20821815795330856,3.8523991687144914
permutation,permuted_llm_a1p25,165,2.639903993438093,3.8558456158066923,-0.6204669921882278,0.13920822312614578,3.211446689991728
permutation,permuted_gated_a1_d0p15,165,2.5857134947392852,3.673164203353096,0.034386000655399124,0.21884085329242797,3.866299682835355
permutation,permuted_llm_a1p25,166,2.6587677644981316,3.916900000240766,-0.6447881338951357,0.11173243572866953,3.18712554828482
permutation,permuted_gated_a1_d0p15,166,2.5892341050516365,3.710258059645761,0.01657787270591382,0.2029839445190713,3.8484915548858694
permutation,permuted_llm_a1p25,167,2.6739095840361453,3.9169399981817863,-0.6741970495316518,0.11171429431324009,3.1577166326483037
permutation,permuted_gated_a1_d0p15,167,2.5934174130810432,3.708997607752432,-0.006492323980465721,0.20352537842375618,3.8254213581994905
permutation,permuted_llm_a1p25,168,2.624190299578629,3.8596658203788023,-0.6395872788279348,0.13750170787017468,3.192326403352021
permutation,permuted_gated_a1_d0p15,168,2.57174177923487,3.6672247634764354,0.016345242352580634,0.22136505118621852,3.848258924532537
permutation,permuted_llm_a1p25,169,2.6438920546802325,3.9026685661235785,-0.6417047329816508,0.11817546782131871,3.1902089491983054
permutation,permuted_gated_a1_d0p15,169,2.585932053816721,3.7049002582968518,0.015146146628403733,0.2052841459588597,3.84705982880836
permutation,permuted_llm_a1p25,170,2.6684612610647487,3.8830671046689154,-0.6456867223202137,0.1270112895269231,3.186226959859742
permutation,permuted_gated_a1_d0p15,170,2.5915184667295064,3.6853695611196238,0.012894823427753934,0.21364088570165174,3.84480850560771
permutation,permuted_llm_a1p25,171,2.624906412993577,3.8647558590219613,-0.6607942368718069,0.13522532195735137,3.1711194453081495
permutation,permuted_gated_a1_d0p15,171,2.5787310068492575,3.675789280824845,-0.0015683998933969422,0.21772392199817148,3.830345282286559
permutation,permuted_llm_a1p25,172,2.614943916467242,3.8566245117585485,-0.6485502709042327,0.1388604213645006,3.1833634112757236
permutation,permuted_gated_a1_d0p15,172,2.5634884235127715,3.6642139097099453,0.014266140548492031,0.22264307134668315,3.8461798227284483
permutation,permuted_llm_a1p25,173,2.6401982109129065,3.860505438933438,-0.6371396265792497,0.13712641717413554,3.1947740556007065
permutation,permuted_gated_a1_d0p15,173,2.581976788793519,3.6718961270718893,0.01112293817883058,0.21938011499988108,3.8430366203587867
permutation,permuted_llm_a1p25,174,2.6213969641221424,3.8631687628708087,-0.6506741029815434,0.1359354308504116,3.181239579198413
permutation,permuted_gated_a1_d0p15,174,2.563366479891206,3.6687183295064427,0.0009814028560676477,0.22073068618127534,3.8328950850360237
permutation,permuted_llm_a1p25,175,2.652599009427405,3.901068291287746,-0.656208360332333,0.11889849734009905,3.175705321847623
permutation,permuted_gated_a1_d0p15,175,2.590299870376946,3.693754572844296,0.004304333719160134,0.21005854138022417,3.836218015899116
permutation,permuted_llm_a1p25,176,2.6543882712740268,3.8578458653676284,-0.6354239676861473,0.13831490677304192,3.1964897144938087
permutation,permuted_gated_a1_d0p15,176,2.5883045328851138,3.6768555138555477,0.0181276388231153,0.2172700278810491,3.8500413210030713
permutation,permuted_llm_a1p25,177,2.64943753697198,3.8929015094079116,-0.6494718643767917,0.12258376054504583,3.1824418178031646
permutation,permuted_gated_a1_d0p15,177,2.5877907428861113,3.6892148970022465,0.00527448118389391,0.2119990463139657,3.8371881633638507
permutation,permuted_llm_a1p25,178,2.656575535416934,3.900066375440741,-0.644005422396642,0.11935102784123286,3.187908259783314
permutation,permuted_gated_a1_d0p15,178,2.58296020608561,3.6934766180219647,0.014856066222416602,0.2101774230071498,3.8467697484023726
permutation,permuted_llm_a1p25,179,2.6205136341187063,3.844335346392409,-0.6458020130277763,0.14433973403514222,3.18611166915218
permutation,permuted_gated_a1_d0p15,179,2.5768243383498555,3.676100099176199,0.0175434341481607,0.21759162059442783,3.849457116328116
permutation,permuted_llm_a1p25,180,2.646089804053303,3.885843418677681,-0.6272200453734722,0.1257625049111354,3.204693636806484
permutation,permuted_gated_a1_d0p15,180,2.5874301663988906,3.6976302087378334,0.018260968742436146,0.2083999950159463,3.8501746509223924
permutation,permuted_llm_a1p25,181,2.6431820361287124,3.8697741803124357,-0.6504905464286792,0.13297807278455576,3.1814231357512766
permutation,permuted_gated_a1_d0p15,181,2.5766885407402493,3.6654155533213006,0.012487747758400947,0.2221331343312114,3.844401429938357
permutation,permuted_llm_a1p25,182,2.658203976019453,3.8997886630781813,-0.6594841166432497,0.11947644027048199,3.172429565536707
permutation,permuted_gated_a1_d0p15,182,2.589225846278498,3.6925302029764895,0.00699861394464631,0.21058213882255306,3.8389122961246023
permutation,permuted_llm_a1p25,183,2.616132159372832,3.8507727675061156,-0.6479649014112889,0.14147169220085698,3.183948780768667
permutation,permuted_gated_a1_d0p15,183,2.5567323672901376,3.656344205761173,0.011475369771500545,0.22597857502107221,3.8433890519514566
permutation,permuted_llm_a1p25,184,2.6532533089401995,3.9038246378586483,-0.6484569110973535,0.11765295180756963,3.1834567710826023
permutation,permuted_gated_a1_d0p15,184,2.5957550623160124,3.703206834249858,0.02023541141796493,0.20601047232612046,3.852149093597921
permutation,permuted_llm_a1p25,185,2.643868288207006,3.8789883941866923,-0.6635339038222697,0.12884427261703113,3.1683797783576866
permutation,permuted_gated_a1_d0p15,185,2.586953846406227,3.685667926731027,0.00502967615895598,0.21351355409406791,3.836943358338912
permutation,permuted_llm_a1p25,186,2.662134205905474,3.9069802323553398,-0.6457534307736951,0.11622591289980566,3.1861602514062612
permutation,permuted_gated_a1_d0p15,186,2.5833333583383493,3.68657059651858,0.01754037960318398,0.21312826464108658,3.8494540617831405
permutation,permuted_llm_a1p25,187,2.646039531239248,3.874009696498228,-0.6456244485420259,0.1310791014668089,3.1862892336379303
permutation,permuted_gated_a1_d0p15,187,2.584381439707664,3.6858699929019973,0.008237179388237459,0.21342731373587576,3.8401508615681936
permutation,permuted_llm_a1p25,188,2.638581461275194,3.863881996966447,-0.648723053613779,0.1356163470932763,3.183190628566177
permutation,permuted_gated_a1_d0p15,188,2.578725035788244,3.6688283138978983,0.007858099945364905,0.22068396210039842,3.839771782125321
permutation,permuted_llm_a1p25,189,2.6516446334987904,3.883108387407002,-0.6381698874806374,0.1269927271096939,3.1937437946993184
permutation,permuted_gated_a1_d0p15,189,2.579861770767586,3.6718808596401784,0.033500227164408106,0.21938660648852715,3.865413909344364
permutation,permuted_llm_a1p25,190,2.6262529502101875,3.8360613828736096,-0.6420582170969981,0.14801895686581812,3.1898554650829576
permutation,permuted_gated_a1_d0p15,190,2.571960430689831,3.6567577320024323,0.014037518349844265,0.2258034841364851,3.8459512005297998
permutation,permuted_llm_a1p25,191,2.66097975502991,3.9099542822332625,-0.6362796487580842,0.11487991755657623,3.1956340334218716
permutation,permuted_gated_a1_d0p15,191,2.5846053609505963,3.695576844497899,0.02332538742273821,0.20927893191937785,3.8552390696026944
permutation,permuted_llm_a1p25,192,2.6403794098112807,3.866087439147439,-0.6399272066826069,0.13462931269277767,3.1919864754973486
permutation,permuted_gated_a1_d0p15,192,2.587962354773776,3.683315921049389,0.009357648697921899,0.21451702504988313,3.8412713308778783
permutation,permuted_llm_a1p25,193,2.6556981619409674,3.9132384710693504,-0.6398845875334608,0.113392369560949,3.192029094646495
permutation,permuted_gated_a1_d0p15,193,2.589863785658186,3.7088784896810494,0.01843957713912062,0.20357653671899778,3.8503532593190766
permutation,permuted_llm_a1p25,194,2.642000678270623,3.876207786526088,-0.632020122489298,0.13009278064496843,3.199893559690658
permutation,permuted_gated_a1_d0p15,194,2.579640888423992,3.677892257999568,0.024989957834879135,0.21682856091677583,3.8569036400148353
permutation,permuted_llm_a1p25,195,2.6334568812503125,3.8862492647467812,-0.6373970429960484,0.12557988078506288,3.1945166391839077
permutation,permuted_gated_a1_d0p15,195,2.588143932583987,3.690375870558635,0.03744555070972789,0.21150301003319294,3.8693592328896838
permutation,permuted_llm_a1p25,196,2.6225877855175894,3.8441016191316426,-0.6425980926094643,0.14444377545326903,3.1893155895704917
permutation,permuted_gated_a1_d0p15,196,2.578078549151992,3.677977434502333,0.014574407803417682,0.21679228547855622,3.846488089983374
permutation,permuted_llm_a1p25,197,2.6267480542870816,3.83944907538696,-0.628259694188774,0.14651349385997137,3.203653987991182
permutation,permuted_gated_a1_d0p15,197,2.586658444758135,3.683963136811989,0.026453619655033848,0.21424095770274265,3.8583673018349898
permutation,permuted_llm_a1p25,198,2.6474314611537006,3.898180827864028,-0.6462462459825975,0.12020234880708391,3.1856674361973583
permutation,permuted_gated_a1_d0p15,198,2.577941043227054,3.6769760185231384,0.022182304896595444,0.2172187209094235,3.854095987076551
permutation,permuted_llm_a1p25,199,2.6238247694728862,3.8442731650331825,-0.6442531848297793,0.14436741408034137,3.1876604973501763
permutation,permuted_gated_a1_d0p15,199,2.579406164611152,3.6712528454662237,0.012673428067454584,0.2196536055393461,3.844587110247411
permutation,permuted_llm_a1p25,200,2.630888007303137,3.8890276798178394,-0.6403772969766128,0.1243291269913942,3.191536385203343
permutation,permuted_gated_a1_d0p15,200,2.5857612512002253,3.70307183046371,0.018842322832751866,0.20606836249715954,3.8507560050127077
permutation,permuted_llm_a1p25,201,2.6475339215660103,3.895892554883058,-0.6290748249679955,0.12123494652023681,3.202838857211961
permutation,permuted_gated_a1_d0p15,201,2.5867264288423204,3.6940774563570327,0.037125072302599954,0.20992043246379755,3.8690387544825557
permutation,permuted_llm_a1p25,202,2.6171327567237443,3.822968830191114,-0.6352330367139442,0.15382468838815966,3.196680645466012
permutation,permuted_gated_a1_d0p15,202,2.5741965982827297,3.657380240413999,0.00864337731374845,0.22553987090283567,3.840557059493704
permutation,permuted_llm_a1p25,203,2.646241125626245,3.878545334532082,-0.6404854624966411,0.1290432687848012,3.191428219683315
permutation,permuted_gated_a1_d0p15,203,2.5808381928007282,3.681773161072707,0.013860571068499503,0.21517488765950588,3.8457742532484556
permutation,permuted_llm_a1p25,204,2.6331181078104824,3.8442480896850677,-0.6504072273503629,0.14437857625017447,3.181506454829593
permutation,permuted_gated_a1_d0p15,204,2.5730060897733393,3.6602168366131878,0.01370542126561247,0.22433809125473214,3.8456191034455687
permutation,permuted_llm_a1p25,205,2.6527067914869487,3.860036707483437,-0.6211617995562281,0.13733593970329772,3.210751882623728
permutation,permuted_gated_a1_d0p15,205,2.577825633648899,3.6701843427212535,0.029516109197406742,0.22010777252934888,3.8614297913773625
permutation,permuted_llm_a1p25,206,2.641016947666884,3.9350386264186534,-0.6513306194141497,0.10348649663644194,3.1805830627658063
permutation,permuted_gated_a1_d0p15,206,2.588213692664572,3.71627654637092,0.013934666665365907,0.20039613472700335,3.8458483488453217
permutation,permuted_llm_a1p25,207,2.6482432755121796,3.882572516418955,-0.649091257377428,0.12723366140437453,3.182822424802528
permutation,permuted_gated_a1_d0p15,207,2.5871723836477734,3.679923116305338,0.015423546031111256,0.215963419017984,3.847337228211067
permutation,permuted_llm_a1p25,208,2.6385706388200814,3.87683644546744,-0.6303860355502837,0.1298105876724025,3.2015276466296725
permutation,permuted_gated_a1_d0p15,208,2.58246918834589,3.6838109056972113,0.03144843051757218,0.21430589565085378,3.863362112697528
permutation,permuted_llm_a1p25,209,2.6457307535287655,3.917378591649519,-0.6439170801799248,0.11151535426289161,3.187996602000031
permutation,permuted_gated_a1_d0p15,209,2.592033449463685,3.714151336578327,0.010636681885031944,0.20131040472314365,3.8425503640649876
permutation,permuted_llm_a1p25,210,2.653252097856615,3.8996734180826422,-0.6572001809131265,0.11952848126197779,3.1747135012668295
permutation,permuted_gated_a1_d0p15,210,2.5765904215570576,3.6818160666763737,0.009509431931827348,0.21515659560839284,3.8414231141117834
permutation,permuted_llm_a1p25,211,2.6298613241290147,3.8450206595991023,-0.633644301024881,0.14403463705740482,3.198269381155075
permutation,permuted_gated_a1_d0p15,211,2.567356953895401,3.6554786254791125,0.02170472468044923,0.22634500571931715,3.8536184068604054
permutation,permuted_llm_a1p25,212,2.641927918235937,3.933761058698116,-0.6467661243697203,0.10406853452387121,3.1851475578102355
permutation,permuted_gated_a1_d0p15,212,2.5841969262133526,3.7094486370356328,0.01769651967865761,0.20333165750086846,3.8496102018586136
permutation,permuted_llm_a1p25,213,2.6427439144558305,3.8537968138561154,-0.6378669835489991,0.14012274279590187,3.194046698630957
permutation,permuted_gated_a1_d0p15,213,2.5864731423902865,3.669679913505943,0.032307240907899715,0.22032213418160884,3.8642209230878555
permutation,permuted_llm_a1p25,214,2.6594910607823423,3.891450197800016,-0.6379833546533892,0.12323785723946368,3.1939303275265667
permutation,permuted_gated_a1_d0p15,214,2.5874923954170446,3.693506801244018,0.017830623495948755,0.21016451403812275,3.849744305675905
permutation,permuted_llm_a1p25,215,2.6349257129481813,3.865305236844458,-0.6580605769328151,0.134979447799212,3.173853105247141
permutation,permuted_gated_a1_d0p15,215,2.5662948602450406,3.661190972174985,0.0037232301655337145,0.22392516468168544,3.83563691234549
permutation,permuted_llm_a1p25,216,2.635503947642336,3.8714440046369027,-0.6418087858781815,0.13222966391267899,3.1901048963017744
permutation,permuted_gated_a1_d0p15,216,2.57478453839587,3.6837332165699723,0.026669587581994704,0.21433903483587746,3.858583269761951
permutation,permuted_llm_a1p25,217,2.6367944562343038,3.893164749883434,-0.6502629122104652,0.12246509364491209,3.181650769969491
permutation,permuted_gated_a1_d0p15,217,2.57734825318519,3.6891158715211247,0.0006204288884797061,0.2120413486078011,3.8325341110684357
permutation,permuted_llm_a1p25,218,2.6560084250095857,3.9015007482203212,-0.6665783250228828,0.11870313568791602,3.165335357157073
permutation,permuted_gated_a1_d0p15,218,2.5733363526539135,3.678512626842144,-0.00035642088279121923,0.21656433559370947,3.831557261297165
permutation,permuted_llm_a1p25,219,2.616867122555154,3.8400525113608155,-0.6215881730080949,0.1462451923805651,3.2103255091718608
permutation,permuted_gated_a1_d0p15,219,2.5848377336452826,3.6751946929617647,0.04793130422483562,0.21797698016155076,3.8798449864047915
permutation,permuted_llm_a1p25,220,2.6505390766722154,3.917781116393426,-0.6533136113146706,0.11133275489427297,3.1786000708652855
permutation,permuted_gated_a1_d0p15,220,2.5809477681566824,3.7058560219664756,0.004309987788215561,0.20487406284676335,3.8362236699681715
permutation,permuted_llm_a1p25,221,2.637694518568779,3.8383929523099725,-0.6354233857423912,0.14698296893538965,3.1964902964375645
permutation,permuted_gated_a1_d0p15,221,2.573736716217456,3.665713510611224,0.019206957472081947,0.22200666543837055,3.8511206396520383
permutation,permuted_llm_a1p25,222,2.6502939643766847,3.9034780622490417,-0.6373467344398884,0.11780961170920479,3.1945669477400673
permutation,permuted_gated_a1_d0p15,222,2.5725412968315577,3.6790640216918957,0.021962961578392757,0.21632945002416726,3.853876643758349
permutation,permuted_llm_a1p25,223,2.6145105527626353,3.8611034159574342,-0.6680181164037489,0.1368590850608532,3.1638955657762073
permutation,permuted_gated_a1_d0p15,223,2.5653736816821993,3.661237777835303,-0.01683349700273909,0.2239053214516592,3.8150801851772167
permutation,permuted_llm_a1p25,224,2.6558595544427686,3.8838733212439465,-0.6342519336622641,0.12664874568523643,3.197661748517692
permutation,permuted_gated_a1_d0p15,224,2.5915718722455603,3.690506707708426,0.021350179369680988,0.21144709891129898,3.853263861549637
permutation,permuted_llm_a1p25,225,2.6235566549456704,3.840351807502108,-0.6488439397202403,0.14611210280604203,3.1830697424597156
permutation,permuted_gated_a1_d0p15,225,2.5703621719533354,3.6589107620450325,0.018548904040597603,0.2248915511127152,3.8504625862205537
permutation,permuted_llm_a1p25,226,2.6581623170292086,3.8834772122712695,-0.6377232728789476,0.1268268795214963,3.1941904093010085
permutation,permuted_gated_a1_d0p15,226,2.58585450973069,3.6904970628526303,0.02479655393342551,0.21145122055078247,3.8567102361133814
permutation,permuted_llm_a1p25,227,2.64473082279485,3.882839071947335,-0.6380130425516749,0.1271138188631462,3.193900639628281
permutation,permuted_gated_a1_d0p15,227,2.5923154012221854,3.688825207112717,0.02543098491963511,0.2121655098001124,3.8573446670995915
permutation,permuted_llm_a1p25,228,2.629684590595721,3.8458759245566925,-0.6425872836078109,0.14365380238095582,3.1893263985721454
permutation,permuted_gated_a1_d0p15,228,2.583779462428303,3.66924987001703,0.03038404149130354,0.22050486169528916,3.8622977236712597
permutation,permuted_llm_a1p25,229,2.6446197647164764,3.869412137912538,-0.6320007778321582,0.1331402962120951,3.199912904347798
permutation,permuted_gated_a1_d0p15,229,2.5936266539649906,3.6975380083518954,0.032420029697830026,0.20843947160603105,3.864333711877786
permutation,permuted_llm_a1p25,230,2.6522322276127084,3.8939726457416906,-0.6587908619926093,0.1221008499398627,3.1731228201873463
permutation,permuted_gated_a1_d0p15,230,2.5816557076567523,3.677751680490818,0.0023675599045535293,0.21688842900319083,3.834281242084509
permutation,permuted_llm_a1p25,231,2.637513448018229,3.8641661449084745,-0.6539093924450265,0.13548920973897238,3.1780042897349294
permutation,permuted_gated_a1_d0p15,231,2.5754639333838556,3.678223848802845,0.016154694340105885,0.21668733646808302,3.8480683765200623
permutation,permuted_llm_a1p25,232,2.6377317167311074,3.866341026447111,-0.6298109483594566,0.13451578488652383,3.2021027338204995
permutation,permuted_gated_a1_d0p15,232,2.580239891419233,3.6891779736497514,0.027822226863771237,0.21201481958399204,3.8597359090437267
permutation,permuted_llm_a1p25,233,2.6131047110919647,3.8454734090870866,-0.6492989305827831,0.14383304610103675,3.182614751597173
permutation,permuted_gated_a1_d0p15,233,2.5733160187194133,3.6550902832258134,0.021134961016361482,0.22650937651485803,3.853048643196318
permutation,permuted_llm_a1p25,234,2.6347472174606175,3.866583958641599,-0.6391328789821342,0.13440702025162254,3.192780803197822
permutation,permuted_gated_a1_d0p15,234,2.577408492740512,3.6804538859049165,0.02015720144362241,0.21573723342663642,3.8520708836235786
permutation,permuted_llm_a1p25,235,2.6442215531414055,3.9227270567739287,-0.6555222212056436,0.10908757096645305,3.1763914609743127
permutation,permuted_gated_a1_d0p15,235,2.5833670935088664,3.700584948040439,0.012088478872180132,0.20713437025684545,3.844002161052136
permutation,permuted_llm_a1p25,236,2.64837932162417,3.8865676278114134,-0.6441122686194085,0.12543660923834032,3.1878014135605475
permutation,permuted_gated_a1_d0p15,236,2.577860954845651,3.6762388046312995,0.015931016804852215,0.2175325763057444,3.8478446989848085
permutation,permuted_llm_a1p25,237,2.6623491743117684,3.9009604034080323,-0.633532348593815,0.11894723212316116,3.1983813335861413
permutation,permuted_gated_a1_d0p15,237,2.5899516248802987,3.6878367686842464,0.024895964540168018,0.2125876613036407,3.856809646720124
permutation,permuted_llm_a1p25,238,2.6128343535779117,3.844659686701395,-0.6321203859597269,0.1441953466197824,3.1997932962202293
permutation,permuted_gated_a1_d0p15,238,2.576232318921219,3.673847088221358,0.021497268627213715,0.21855037275954858,3.853410950807169
permutation,permuted_llm_a1p25,239,2.6524807106078305,3.8838766218257335,-0.6443333963870389,0.12664726130702408,3.1875802857929174
permutation,permuted_gated_a1_d0p15,239,2.5909898580522888,3.688414990065635,0.015652281528478484,0.21234072285585248,3.8475659637084343
permutation,permuted_llm_a1p25,240,2.642628716458878,3.886196578931469,-0.6610788940679642,0.1256035896217771,3.170834788111992
permutation,permuted_gated_a1_d0p15,240,2.5766498121275294,3.676096820097947,0.007994081248320446,0.2175930164090616,3.8399077634282768
permutation,permuted_llm_a1p25,241,2.659762287275372,3.8793417007195883,-0.6251882269526374,0.12868557194807684,3.206725455227319
permutation,permuted_gated_a1_d0p15,241,2.5911910296436176,3.6766606658231122,0.042686073363887515,0.2173529842840629,3.874599755543844
permutation,permuted_llm_a1p25,242,2.6509203407508766,3.8808773245294956,-0.6537485462763232,0.1279956218955195,3.178165135903633
permutation,permuted_gated_a1_d0p15,242,2.5897473487909926,3.688533232646145,0.0188963813422182,0.2122902207520524,3.8508100635221743
permutation,permuted_llm_a1p25,243,2.6393509711963246,3.8944606443188037,-0.6597101457239599,0.12188079683740205,3.172203536455996
permutation,permuted_gated_a1_d0p15,243,2.5771396703558644,3.6826745484334094,-0.0035152866680521282,0.21479055217556453,3.828398395511904
permutation,permuted_llm_a1p25,244,2.628292099453233,3.8673556559822506,-0.6396467786800837,0.13406147365783372,3.1922669034998723
permutation,permuted_gated_a1_d0p15,244,2.5903097525271024,3.693713018383791,0.019792399261210764,0.21007631484397415,3.851706081441167
permutation,permuted_llm_a1p25,245,2.6478926578362576,3.8923713317733126,-0.6378922214860838,0.12282273642881525,3.1940214606938726
permutation,permuted_gated_a1_d0p15,245,2.581735085370704,3.691095753579667,0.029349782305766334,0.2111953552150424,3.861263464485722
permutation,permuted_llm_a1p25,246,2.62936319559301,3.8814577599491997,-0.6613480770010105,0.12773476331385336,3.1705656051789455
permutation,permuted_gated_a1_d0p15,246,2.570136178001369,3.68395174031169,0.005234913669587105,0.2142458192548139,3.837148595849543
permutation,permuted_llm_a1p25,247,2.6470050896624797,3.882492151889078,-0.6298891095914342,0.12726979143429484,3.2020245725885217
permutation,permuted_gated_a1_d0p15,247,2.5807377751717646,3.6885199731743543,0.023311646135537344,0.2122958840312832,3.855225328315494
permutation,permuted_llm_a1p25,248,2.653821038843205,3.8864714327480625,-0.6353373858028426,0.12547990072209447,3.196576296377113
permutation,permuted_gated_a1_d0p15,248,2.5837435132021955,3.683368188140219,0.02818072392331285,0.21449473252751128,3.8600944061032685
permutation,permuted_llm_a1p25,249,2.650219213105423,3.873329108526556,-0.6292110178602778,0.13138437956959548,3.202702664319678
permutation,permuted_gated_a1_d0p15,249,2.5802133826739624,3.663136922998522,0.017176917970677847,0.22309996609537674,3.849090600150634
permutation,permuted_llm_a1p25,250,2.6492448883251933,3.8902072473936773,-0.6413917034535844,0.12379785300797508,3.190521978726372
permutation,permuted_gated_a1_d0p15,250,2.585206763425634,3.684452352047608,0.020535441694082952,0.2140322526726075,3.8524491238740386
permutation,permuted_llm_a1p25,251,2.6401331673674835,3.896826296420957,-0.6505910653873264,0.12081366294958595,3.1813226167926296
permutation,permuted_gated_a1_d0p15,251,2.5834855683485887,3.6868591083816074,0.013683543911684016,0.21300509829568337,3.8455972260916402
permutation,permuted_llm_a1p25,252,2.6635870784229794,3.9006017318231545,-0.6271537970702232,0.11910924046588822,3.2047598851097328
permutation,permuted_gated_a1_d0p15,252,2.5964123677018365,3.6992394273381404,0.037989165367076264,0.20771083218830344,3.869902847547032
permutation,permuted_llm_a1p25,253,2.653695516396748,3.9003259230924465,-0.6253912422709792,0.11923381036013192,3.206522439908977
permutation,permuted_gated_a1_d0p15,253,2.589113045404817,3.6851457259324585,0.039326153570608105,0.21373640366335223,3.871239835750565
permutation,permuted_llm_a1p25,254,2.6653538116724373,3.8841123113796083,-0.6448320907130334,0.1265412608425336,3.1870815914669226
permutation,permuted_gated_a1_d0p15,254,2.589084886556635,3.6753333926148053,0.01518479399450359,0.2179179528841898,3.8470984761744598
permutation,permuted_llm_a1p25,255,2.6581234841327923,3.904474010877648,-0.6452528038182672,0.11735938328205753,3.1866608783616885
permutation,permuted_gated_a1_d0p15,255,2.591127980584489,3.69798614564493,0.018915322421292093,0.20824758755347306,3.850829004601248
permutation,permuted_llm_a1p25,256,2.6438687551635667,3.9044582564622647,-0.6488445357044111,0.11736650611541088,3.1830691464755443
permutation,permuted_gated_a1_d0p15,256,2.5747712359057364,3.684659847149727,0.0147878597271318,0.2139437244276603,3.8467015419070876
permutation,permuted_llm_a1p25,257,2.6695097916443697,3.917225932448652,-0.6474962471889196,0.11158460093384326,3.184417434991037
permutation,permuted_gated_a1_d0p15,257,2.5936889919350983,3.702221009500655,0.01322883286553286,0.20643314941479884,3.845142515045489
permutation,permuted_llm_a1p25,258,2.6737525714278365,3.9285882035016737,-0.6304064125998319,0.1064232665435807,3.201507269580124
permutation,permuted_gated_a1_d0p15,258,2.587303215329126,3.688996982913708,0.02943787613463026,0.21209213465005827,3.8613515583145865
permutation,permuted_llm_a1p25,259,2.6404319135471512,3.8798155808747534,-0.6507803707942785,0.1284726884915579,3.1811333113856772
permutation,permuted_gated_a1_d0p15,259,2.579568233801128,3.6751177545588436,0.006969961559829847,0.21800972235750526,3.8388836437397855
permutation,permuted_llm_a1p25,260,2.6324541438466613,3.8777379310128524,-0.657804380285871,0.12940584819261602,3.1741093018940854
permutation,permuted_gated_a1_d0p15,260,2.5846833820981727,3.6974741519070093,0.0032589232205000817,0.2084668118549614,3.8351726054004565
permutation,permuted_llm_a1p25,261,2.611126203581739,3.858215768217563,-0.6309015831229218,0.1381496564941248,3.201012099057034
permutation,permuted_gated_a1_d0p15,261,2.585319447679823,3.696920143821471,0.030680843059267576,0.20870399157054997,3.8625945252392233
permutation,permuted_llm_a1p25,262,2.6644747771350756,3.885876909863386,-0.6416553128785332,0.12574743514464226,3.190258369301423
permutation,permuted_gated_a1_d0p15,262,2.5971914039097754,3.6981133081207886,0.015200500956355655,0.20819313471123513,3.8471141831363114
permutation,permuted_llm_a1p25,263,2.6617492569751455,3.9036525554411807,-0.6618339412119232,0.11773073863493677,3.170079740968033
permutation,permuted_gated_a1_d0p15,263,2.582121632285049,3.6784782498503756,-0.007038812808207368,0.21657897848787522,3.8248748693717483
permutation,permuted_llm_a1p25,264,2.657989494339192,3.893814501402034,-0.631717767823195,0.12217215601968467,3.200195914356761
permutation,permuted_gated_a1_d0p15,264,2.5861111505423295,3.6807184742687826,0.024662964338159832,0.2156244678452549,3.8565766465181155
permutation,permuted_llm_a1p25,265,2.6275084966329296,3.8714710143661124,-0.6310165051085141,0.1322175556019164,3.200897177071442
permutation,permuted_gated_a1_d0p15,265,2.581467446678008,3.678974852658467,0.02758565811606229,0.21636743702207184,3.8594993402960185
permutation,permuted_llm_a1p25,266,2.6604420561789266,3.918484511649158,-0.6212445876604874,0.11101362505055457,3.210669094519469
permutation,permuted_gated_a1_d0p15,266,2.5829921682693433,3.694013922775531,0.03434264123648631,0.20994760902061316,3.8662563234164424
permutation,permuted_llm_a1p25,267,2.660989714791666,3.9096290123143347,-0.6278159186207517,0.11502717808256879,3.2040977635592043
permutation,permuted_gated_a1_d0p15,267,2.590103606154321,3.7064336367438773,0.020841852411011535,0.20462617826563967,3.8527555345909676
permutation,permuted_llm_a1p25,268,2.6552260505869585,3.8998960729746157,-0.6437243445877168,0.11942793597705892,3.188189337592239
permutation,permuted_gated_a1_d0p15,268,2.583643219607307,3.6899697965847795,0.013936857839630444,0.21167652649938495,3.8458505400195864
permutation,permuted_llm_a1p25,269,2.642714255656393,3.8669009916277144,-0.647715523808969,0.1342650692269488,3.184198158370987
permutation,permuted_gated_a1_d0p15,269,2.571619850337915,3.6685176107961195,0.007697355418883943,0.22081595282692457,3.8396110375988397
permutation,permuted_llm_a1p25,270,2.644102428716176,3.8960087663258776,-0.670361451034519,0.12118251998308582,3.161552231145437
permutation,permuted_gated_a1_d0p15,270,2.5861075044820794,3.685633145942889,-0.008021574346730936,0.21352839780214072,3.823892107833225
permutation,permuted_llm_a1p25,271,2.6388734057713155,3.8957447578676505,-0.6537925730910704,0.12130162001635425,3.1781211090888855
permutation,permuted_gated_a1_d0p15,271,2.567833035578982,3.6884018209161655,0.0018189006443850757,0.21234634737709657,3.8337325828243407
permutation,permuted_llm_a1p25,272,2.6427756827796065,3.904885062429127,-0.657063133274327,0.11717352987813368,3.1748505489056287
permutation,permuted_gated_a1_d0p15,272,2.5880394799057123,3.704224617900097,0.007041048703206276,0.20557397463874072,3.838954730883162
permutation,permuted_llm_a1p25,273,2.65016067595406,3.905525849952608,-0.6536163085356627,0.11688376431825731,3.178297373644293
permutation,permuted_gated_a1_d0p15,273,2.593048220024506,3.712166230429491,0.013989534481060936,0.20216392941045636,3.845903216661017
permutation,permuted_llm_a1p25,274,2.6563234942709535,3.8750941148599147,-0.6468764983543014,0.13059257420829962,3.185037183825654
permutation,permuted_gated_a1_d0p15,274,2.5883220162181564,3.6779762397471267,0.011345273282038017,0.21679279431329457,3.843258955461994
permutation,permuted_llm_a1p25,275,2.631612363039814,3.865870794365876,-0.6472614891689094,0.13472629590570273,3.1846521930110465
permutation,permuted_gated_a1_d0p15,275,2.581475731306564,3.6807208388472215,0.01465274639370137,0.21562346004306632,3.846566428573657
permutation,permuted_llm_a1p25,276,2.625488418659246,3.857594355510304,-0.6433809782137723,0.13842725715606996,3.188532703966184
permutation,permuted_gated_a1_d0p15,276,2.57050646556134,3.6554299249793227,0.018238716573205214,0.2263656197826266,3.850152398753161
permutation,permuted_llm_a1p25,277,2.63431099818793,3.8560050931761762,-0.6409762108535605,0.13913701713876714,3.1909374713263956
permutation,permuted_gated_a1_d0p15,277,2.5818463711868143,3.6802179229673446,0.026823285368985626,0.21583779222712018,3.8587369675489414
permutation,permuted_llm_a1p25,278,2.638902446931855,3.8557350167857027,-0.6043554365356095,0.1392576034032169,3.227558245644347
permutation,permuted_gated_a1_d0p15,278,2.584557689466985,3.6673296823281687,0.048029755394596425,0.22132049724767466,3.879943437574553
permutation,permuted_llm_a1p25,279,2.661369132507749,3.913947153373891,-0.6390747032987715,0.1130712135477634,3.192838978881184
permutation,permuted_gated_a1_d0p15,279,2.574112618798158,3.6781596259402627,0.024329604427611822,0.2167146899650062,3.8562432866075684
permutation,permuted_llm_a1p25,280,2.6406655626000415,3.894860631071457,-0.6694946393900855,0.12170041032552115,3.16241904278987
permutation,permuted_gated_a1_d0p15,280,2.5733737227772124,3.678222607978208,0.002887059514843746,0.21668786495874992,3.8348007416948
permutation,permuted_llm_a1p25,281,2.663150935377103,3.886683076382264,-0.6439224820136231,0.12538465151994238,3.1879912001663326
permutation,permuted_gated_a1_d0p15,281,2.581634854505692,3.6725112882504813,0.014023569245527332,0.219118535011252,3.8459372514254833
permutation,permuted_llm_a1p25,282,2.6672020721577963,3.9154775921307,-0.6337503736294989,0.11237746091355094,3.1981633085504573
permutation,permuted_gated_a1_d0p15,282,2.5964758104687107,3.6978268919660002,0.02695213479202266,0.20831577967994275,3.8588658169719783
permutation,permuted_llm_a1p25,283,2.6509801697453974,3.866793645097523,-0.6350568468184712,0.13431313477150242,3.1968568353614852
permutation,permuted_gated_a1_d0p15,283,2.5958347949547114,3.6930520414226624,0.031948793316695985,0.2103589976828676,3.863862475496652
permutation,permuted_llm_a1p25,284,2.6587342923248434,3.9022487476071466,-0.6528641147688514,0.11836517716949158,3.1790495674111043
permutation,permuted_gated_a1_d0p15,284,2.5788457597506866,3.6938473277521164,0.019355759610758232,0.2100188679987387,3.851269441790714
permutation,permuted_llm_a1p25,285,2.656446001328656,3.8795841681362817,-0.6385854597378737,0.12857665039536414,3.193328222442082
permutation,permuted_gated_a1_d0p15,285,2.592337179212854,3.6787130954948855,0.019044096385088142,0.2164789431606282,3.850957778565044
permutation,permuted_llm_a1p25,286,2.660545481167211,3.8974445764241996,-0.6552884289948027,0.12053465310254541,3.1766252531851533
permutation,permuted_gated_a1_d0p15,286,2.5856754674368725,3.696803719105483,0.0013922582129274992,0.20875383033299078,3.8333059403928833
permutation,permuted_llm_a1p25,287,2.6467697401636823,3.8805328507923513,-0.6536037484336749,0.12815041641776814,3.1783099337462812
permutation,permuted_gated_a1_d0p15,287,2.5868414483414157,3.684253704178956,0.00913691829165805,0.21411700155467117,3.841050600471614
permutation,permuted_llm_a1p25,288,2.6625741624945065,3.9048092201421256,-0.633840208893418,0.11720782278418818,3.198073473286538
permutation,permuted_gated_a1_d0p15,288,2.591144318722933,3.6964503884477353,0.02447559419467108,0.20890507350977772,3.8563892763746273
permutation,permuted_llm_a1p25,289,2.6419971139743033,3.874039268087841,-0.6550753125297134,0.13106583589841792,3.176838369650243
permutation,permuted_gated_a1_d0p15,289,2.5776579150628525,3.674576272225301,0.002615784663031451,0.21824013822703325,3.8345294668429877
permutation,permuted_llm_a1p25,290,2.643899350557717,3.8567079088535414,-0.6308602845159481,0.13882317775132724,3.201053397664008
permutation,permuted_gated_a1_d0p15,290,2.5856663633387855,3.6771894029015293,0.02521301665935211,0.21712786465009548,3.857126698839308
permutation,permuted_llm_a1p25,291,2.649945927946817,3.874504161100162,-0.6384916812411306,0.13085727546254233,3.1934220009388254
permutation,permuted_gated_a1_d0p15,291,2.578426776413662,3.6805646369361287,0.025969166118669295,0.21569003315206048,3.857882848298625
permutation,permuted_llm_a1p25,292,2.6395835111877513,3.8603044369954955,-0.6405772024669815,0.13721626797213438,3.191336479712975
permutation,permuted_gated_a1_d0p15,292,2.5775473756783494,3.6764373198069213,0.02413672295718976,0.21744806827446206,3.8560504051371454
permutation,permuted_llm_a1p25,293,2.612645472308755,3.8623955051669507,-0.635357142147565,0.13628130117465487,3.196556540032391
permutation,permuted_gated_a1_d0p15,293,2.5701423967313697,3.6712804791364295,0.021067837540647637,0.21964185809672931,3.8529815197206037
permutation,permuted_llm_a1p25,294,2.6249452183102786,3.8472876246664156,-0.657597314814561,0.1430250114786057,3.174316367365395
permutation,permuted_gated_a1_d0p15,294,2.57029784325631,3.6599081731689123,0.003971043859445602,0.224468907756617,3.8358847260394016
permutation,permuted_llm_a1p25,295,2.6445445989471774,3.8762830630265857,-0.6337046869016238,0.13005899287574296,3.1982089952783324
permutation,permuted_gated_a1_d0p15,295,2.578256218395411,3.6797871078105127,0.033260979543569213,0.21602137330740334,3.865174661723525
permutation,permuted_llm_a1p25,296,2.6298908948958712,3.8644419875504483,-0.6371734259776503,0.13536577951212225,3.1947402562023055
permutation,permuted_gated_a1_d0p15,296,2.574650089622597,3.6734058907751597,0.019643916114133415,0.21873805225160226,3.8515575982940895
permutation,permuted_llm_a1p25,297,2.6196986416095513,3.842970946933666,-0.6547598733669217,0.14494699387361232,3.1771538088130344
permutation,permuted_gated_a1_d0p15,297,2.5550640141459673,3.6486623184243068,-0.004642632491466807,0.22922755756089974,3.8272710496884894
permutation,permuted_llm_a1p25,298,2.6154867096497227,3.8406472902131004,-0.6421244017792276,0.14598069879415776,3.1897892804007286
permutation,permuted_gated_a1_d0p15,298,2.574068799230963,3.670728558801716,0.01593517523453962,0.21987647005575117,3.847848857414496
permutation,permuted_llm_a1p25,299,2.6222509638386384,3.9028416107554054,-0.641744167575183,0.1180972657490913,3.190169514604773
permutation,permuted_gated_a1_d0p15,299,2.576759470214836,3.6993952980794504,0.02161348470361073,0.2076440631650358,3.853527166883567
permutation,permuted_llm_a1p25,300,2.644818187559337,3.8848417953408343,-0.6522327886006949,0.1262131374905372,3.179680893579261
permutation,permuted_gated_a1_d0p15,300,2.576191976572323,3.6914600474860784,0.006796059822251214,0.21103964486504745,3.838709742002208
permutation,permuted_llm_a1p25,301,2.6592341598229785,3.9129663617391124,-0.6389899909047428,0.11351566683629288,3.1929236912752135
permutation,permuted_gated_a1_d0p15,301,2.588851453658583,3.6964577283641393,0.02154833576241317,0.20890193180582795,3.853462017942369
permutation,permuted_llm_a1p25,302,2.6363997936000865,3.8630514527793465,-0.6627494734620029,0.13598790691906992,3.1691642087179535
permutation,permuted_gated_a1_d0p15,302,2.576913190311241,3.669372275336369,0.005773742774893431,0.22045285327601694,3.8376874249548494
permutation,permuted_llm_a1p25,303,2.658339705588849,3.8831827421929366,-0.623315710261404,0.12695929364150427,3.208597971918552
permutation,permuted_gated_a1_d0p15,303,2.5905224576240764,3.6795439408188244,0.034081106690766895,0.21612498333688202,3.865994788870723
permutation,permuted_llm_a1p25,304,2.655619181004569,3.888534369430118,-0.6531811520240325,0.12455126484999357,3.1787325301559233
permutation,permuted_gated_a1_d0p15,304,2.5806809589230686,3.683283554498818,0.0068911105058299124,0.21453082960169156,3.838804792685786
permutation,permuted_llm_a1p25,305,2.6511872007464556,3.881216650140756,-0.6453920315127376,0.1278431273281111,3.1865216506672187
permutation,permuted_gated_a1_d0p15,305,2.575857179849666,3.667704249139551,0.017006581276596086,0.22116142652396376,3.848920263456552
permutation,permuted_llm_a1p25,306,2.641087353423122,3.8743762182222343,-0.6439623932456372,0.13091467572893234,3.1879512889343187
permutation,permuted_gated_a1_d0p15,306,2.579681539860155,3.6777286970540017,0.0073064629809967375,0.21689821679781995,3.8392201451609527
permutation,permuted_llm_a1p25,307,2.6469633858001718,3.8573149247885814,-0.6442437422081739,0.13855207130272218,3.1876699399717823
permutation,permuted_gated_a1_d0p15,307,2.584759612812339,3.6748527378224423,0.017006133184759426,0.21812249862915123,3.8489198153647157
permutation,permuted_llm_a1p25,308,2.6562341978093387,3.904139568824346,-0.6355930992219049,0.11751058392872882,3.196320582958051
permutation,permuted_gated_a1_d0p15,308,2.593192501150801,3.7049496717404535,0.028180896302194697,0.20526294705677262,3.8600945784821508
permutation,permuted_llm_a1p25,309,2.6448787898599613,3.896861295584214,-0.6318128125246658,0.12079787013667287,3.20010086965529
permutation,permuted_gated_a1_d0p15,309,2.5790228035019918,3.6929400932898266,0.02301863369261904,0.2104068700090651,3.8549323158725746
permutation,permuted_llm_a1p25,310,2.6726455077310614,3.9300253350923167,-0.6334908587571263,0.105769381650343,3.19842282342283
permutation,permuted_gated_a1_d0p15,310,2.5978839474587034,3.7054463636414305,0.025627393413199622,0.20504984515131985,3.8575410755931556
permutation,permuted_llm_a1p25,311,2.6563942232604925,3.912784436053175,-0.6704601836570881,0.1135980956161029,3.1614534985228677
permutation,permuted_gated_a1_d0p15,311,2.5781678118377385,3.68405239603427,-0.005162317255847573,0.2142028807252696,3.8267513649241085
permutation,permuted_llm_a1p25,312,2.6485292401613583,3.8618783685978713,-0.6131925246767295,0.13651257247882287,3.2187211575032264
permutation,permuted_gated_a1_d0p15,312,2.584946164065882,3.6741070269739198,0.041802270708776734,0.2184397877392712,3.873715952888733
permutation,permuted_llm_a1p25,313,2.6414684220132827,3.9007172094043923,-0.6520866118295886,0.11905708203136978,3.179827070350367
permutation,permuted_gated_a1_d0p15,313,2.5769772641991326,3.6840700220644726,0.01361928413751638,0.21419536155051233,3.8455329663174727
permutation,permuted_llm_a1p25,314,2.6596356330721473,3.911092010863972,-0.6389955601705477,0.11436473354147236,3.192918122009408
permutation,permuted_gated_a1_d0p15,314,2.601146060163035,3.7202361784196722,0.018602593965624158,0.19869129721804535,3.8505162761455805
permutation,permuted_llm_a1p25,315,2.6256430623461444,3.848404649425413,-0.6467319628295974,0.1425273095443631,3.1851817193503584
permutation,permuted_gated_a1_d0p15,315,2.56787377512078,3.653908223441856,0.018245025165153948,0.22700959087003292,3.8501587073451096
permutation,permuted_llm_a1p25,316,2.618989700189171,3.822289457982845,-0.6373124337484168,0.15412540593844037,3.194601248431539
permutation,permuted_gated_a1_d0p15,316,2.577208853549731,3.6733596839414626,0.02060832095569003,0.2187577067166533,3.8525220031356464
permutation,permuted_llm_a1p25,317,2.6502408042284276,3.904267288877312,-0.6644537634927238,0.11745284345270368,3.167459918687232
permutation,permuted_gated_a1_d0p15,317,2.5815069702660103,3.686213633276198,0.0025181364097302153,0.21328063968987931,3.834431818589686
permutation,permuted_llm_a1p25,318,2.6322494749134013,3.870627662749384,-0.6681325386435095,0.13259558556159312,3.1637811435364465
permutation,permuted_gated_a1_d0p15,318,2.5711734295078483,3.679664983755412,-0.0017771114351965449,0.21607340950268028,3.8301365707447594
permutation,permuted_llm_a1p25,319,2.632216486079362,3.86111211643452,-0.6519522676932719,0.13685519511261612,3.179961414486684
permutation,permuted_gated_a1_d0p15,319,2.578811521691949,3.666949286504564,0.012802027273752943,0.22148202680424123,3.8447157094537094
permutation,permuted_llm_a1p25,320,2.6249139078437658,3.8515029514205805,-0.6370582830275534,0.14114607288588754,3.1948553991524027
permutation,permuted_gated_a1_d0p15,320,2.5811899404170964,3.6727681165076596,0.02383047938487117,0.2190093130524613,3.855744161564827
permutation,permuted_llm_a1p25,321,2.6320960316440947,3.8660072403494907,-0.6335936354947661,0.13466521512393248,3.1983200466851898
permutation,permuted_gated_a1_d0p15,321,2.581389508203595,3.671503466340146,0.018153220164084577,0.21954706001988478,3.850066902344041
permutation,permuted_llm_a1p25,322,2.607194784879492,3.8287097511677306,-0.6444832208716208,0.15128139112850758,3.187430461308335
permutation,permuted_gated_a1_d0p15,322,2.565157900251376,3.6561853202481442,0.01768688898421005,0.22604584337012956,3.849600571164166
permutation,permuted_llm_a1p25,323,2.6271198380329768,3.8751414474502885,-0.6316028259933953,0.13057133521092024,3.2003108561865607
permutation,permuted_gated_a1_d0p15,323,2.5836345891181165,3.6779314160981453,0.038538328937624204,0.21681188415436947,3.8704520111175795
permutation,permuted_llm_a1p25,324,2.6355372325882582,3.8772102854839834,-0.6563232818556748,0.12964275634207045,3.175590400324281
permutation,permuted_gated_a1_d0p15,324,2.5718310006858363,3.674549146358718,0.004659241357557991,0.2182516801485327,3.836572923537514
permutation,permuted_llm_a1p25,325,2.635755394572602,3.865377288105397,-0.6263875915639591,0.13494719865012916,3.2055260906159972
permutation,permuted_gated_a1_d0p15,325,2.576097041580686,3.667679967903158,0.03491793222506565,0.22117173875179397,3.8668316144050214
permutation,permuted_llm_a1p25,326,2.645695476900987,3.895859897810942,-0.6460303258279494,0.12124967884308258,3.185883356352006
permutation,permuted_gated_a1_d0p15,326,2.5956526941564073,3.7043557308924098,0.017461425721892455,0.20551773538356988,3.849375107901848
permutation,permuted_llm_a1p25,327,2.6653174218530333,3.9191561396939996,-0.6277174615688131,0.11070885449558576,3.2041962206111427
permutation,permuted_gated_a1_d0p15,327,2.5962650090650645,3.7046068175468996,0.028998040937850567,0.20541002939147757,3.8609117231178067
permutation,permuted_llm_a1p25,328,2.6467181563371494,3.8623400985719742,-0.6390090904735227,0.13630608132407596,3.1929045917064336
permutation,permuted_gated_a1_d0p15,328,2.585319863458077,3.683588882991795,0.022731847221760457,0.21440060011769446,3.8546455294017163
permutation,permuted_llm_a1p25,329,2.6562596117850137,3.910908088983048,-0.6579173687559295,0.11444802683838906,3.173996313424026
permutation,permuted_gated_a1_d0p15,329,2.588866056484814,3.702484591245485,0.00749825686344612,0.20632014849964053,3.8394119390434023
permutation,permuted_llm_a1p25,330,2.623332296579296,3.8868949031269824,-0.657458806372315,0.12528931471625038,3.174454875807641
permutation,permuted_gated_a1_d0p15,330,2.572241858863259,3.6745306628197136,0.002184403756287826,0.2182595447537643,3.834098085936244
permutation,permuted_llm_a1p25,331,2.668464011008847,3.9249166165377685,-0.6368698002946447,0.10809272712692619,3.1950438818853115
permutation,permuted_gated_a1_d0p15,331,2.5890441918277993,3.6963023089299143,0.022905666782845478,0.20896845464386382,3.8548193489628013
permutation,permuted_llm_a1p25,332,2.6559961664876335,3.91213378715603,-0.6701482521220133,0.11389286701421164,3.1617654300579425
permutation,permuted_gated_a1_d0p15,332,2.581158787875461,3.693550965963212,-0.0038943020242884056,0.21014562517565227,3.8280193801556672
permutation,permuted_llm_a1p25,333,2.617164016087661,3.857994566514935,-0.6522565136330893,0.13824847797525497,3.179657168546866
permutation,permuted_gated_a1_d0p15,333,2.5622001728739496,3.660549704148288,-0.0035354175157177115,0.22419700430855205,3.8283782646642384
permutation,permuted_llm_a1p25,334,2.60726028997786,3.8166722219774205,-0.6159118304270883,0.15660977343228188,3.2160018517528677
permutation,permuted_gated_a1_d0p15,334,2.5671037046068723,3.645168319045199,0.03989565369401713,0.2307030511744793,3.8718093358739734
permutation,permuted_llm_a1p25,335,2.652798015788796,3.887379859723389,-0.6413375937103764,0.12507103087259364,3.19057608846958
permutation,permuted_gated_a1_d0p15,335,2.574515880787048,3.656791744983354,0.02140139908051232,0.22578908184039714,3.853315081260469
permutation,permuted_llm_a1p25,336,2.654660525694727,3.916787461135061,-0.6312706363772226,0.11178347782891451,3.2006430458027335
permutation,permuted_gated_a1_d0p15,336,2.5897638220727006,3.7028430002953763,0.02119087852661502,0.20616648098110024,3.853104560706571
permutation,permuted_llm_a1p25,337,2.639665558452982,3.8758280501143623,-0.6479454063750472,0.1302632148855406,3.183968275804909
permutation,permuted_gated_a1_d0p15,337,2.5756105505880162,3.6716434522859998,0.02204256895916727,0.21948754514987534,3.853956251139123
permutation,permuted_llm_a1p25,338,2.6804589156528036,3.887843838145532,-0.6336933418572936,0.12486216402488948,3.198220340322662
permutation,permuted_gated_a1_d0p15,338,2.5865849739704605,3.674299036515191,0.02495672256466543,0.21835809663011407,3.856870404744621
permutation,permuted_llm_a1p25,339,2.6297026734565083,3.8556526373157767,-0.6470905585065252,0.1392943832880278,3.184823123673431
permutation,permuted_gated_a1_d0p15,339,2.5800539231334665,3.6830216137777074,0.00751277339321908,0.21464254462005594,3.8394264555731747
permutation,permuted_llm_a1p25,340,2.6272953736625184,3.866091895336187,-0.6457674260814558,0.13462731777807257,3.1861462560985
permutation,permuted_gated_a1_d0p15,340,2.5637412659971472,3.6639028878808384,0.01512940614208261,0.22277503128064746,3.847043088322039
permutation,permuted_llm_a1p25,341,2.6799293311121137,3.901556928938622,-0.6201316847283052,0.1186777545586798,3.2117819974516513
permutation,permuted_gated_a1_d0p15,341,2.5879055034648037,3.683237007410038,0.02979237001221235,0.2145506820358839,3.8617060521921682
permutation,permuted_llm_a1p25,342,2.6455262890093216,3.871176930447991,-0.6412790005686368,0.1323493872326429,3.190634681611319
permutation,permuted_gated_a1_d0p15,342,2.576160402269008,3.6604513432496386,0.008812817080746478,0.224238696218659,3.840726499260702
permutation,permuted_llm_a1p25,343,2.6831939219404646,3.909881907684493,-0.6559806075832464,0.11491268498507401,3.1759330745967094
permutation,permuted_gated_a1_d0p15,343,2.6011551055466327,3.70185314655394,0.003883308467898312,0.20659084358602287,3.835796990647854
permutation,permuted_llm_a1p25,344,2.635632075769932,3.8812793220321486,-0.6228379396676931,0.12781496081897914,3.2090757425122627
permutation,permuted_gated_a1_d0p15,344,2.576677269193031,3.6802303029205587,0.03500910670918273,0.21583251650270596,3.8669227888891387
permutation,permuted_llm_a1p25,345,2.63864161207227,3.9138286972894627,-0.6548822672290129,0.11312489874954768,3.177031414950943
permutation,permuted_gated_a1_d0p15,345,2.5783533721132685,3.697675245778041,0.011843702388599728,0.20838071156338012,3.8437573845685558
permutation,permuted_llm_a1p25,346,2.643241884294821,3.8912204990911343,-0.634564944428651,0.1233413585966674,3.197348737751305
permutation,permuted_gated_a1_d0p15,346,2.583126801924457,3.688059782542026,0.018553722558041226,0.21249242434823268,3.8504674047379974
permutation,permuted_llm_a1p25,347,2.616534945345813,3.8663206462108572,-0.6654815529837473,0.13452490913405835,3.1664321291962088
permutation,permuted_gated_a1_d0p15,347,2.559510960634332,3.6750318692214505,0.0006953720781720562,0.2180462712348782,3.832609054258128
permutation,permuted_llm_a1p25,348,2.6447512766821175,3.8593056790405913,-0.639192376261201,0.13766265796881805,3.192721305918755
permutation,permuted_gated_a1_d0p15,348,2.5752850225145285,3.6661423165619764,0.01840699141338992,0.2218246393837635,3.850320673593346
permutation,permuted_llm_a1p25,349,2.6226870459280116,3.8504951174882662,-0.6409756437868611,0.14159549166700847,3.1909380383930954
permutation,permuted_gated_a1_d0p15,349,2.576085044584518,3.6838593180948473,0.017889291333665208,0.21428524443594843,3.8498029735136217
permutation,permuted_llm_a1p25,350,2.665022075001468,3.9223855165875974,-0.6773928066639692,0.10924270240747913,3.154520875515987
permutation,permuted_gated_a1_d0p15,350,2.5847212251705054,3.6920875790228074,-0.009106561189902631,0.21077138267075224,3.8228071209900536
permutation,permuted_llm_a1p25,351,2.635509685209385,3.8523701555218595,-0.6505087285920726,0.14075927037937086,3.181404953587883
permutation,permuted_gated_a1_d0p15,351,2.5769538287786213,3.6593012325269187,0.015477997058965123,0.22472610672849236,3.847391679238921
permutation,permuted_llm_a1p25,352,2.6195222793457007,3.8762139472549006,-0.6616712001882028,0.1300900154336978,3.170242481991753
permutation,permuted_gated_a1_d0p15,352,2.5663663169865365,3.677715722287861,-0.004149376409747214,0.21690374224323228,3.827764305770208
permutation,permuted_llm_a1p25,353,2.6593992411731806,3.871280690350777,-0.641820838826708,0.13230287499548032,3.1900928433532485
permutation,permuted_gated_a1_d0p15,353,2.5853026325508,3.6768968774660444,0.03095593630336446,0.2172524167893527,3.86286961848332
permutation,permuted_llm_a1p25,354,2.646639340898685,3.8890017351625854,-0.6375853134284313,0.12434081058174362,3.194328368751525
permutation,permuted_gated_a1_d0p15,354,2.5813782740442552,3.678712175942377,0.02310570522007171,0.21647933486753468,3.855019387400028
permutation,permuted_llm_a1p25,355,2.641510491122865,3.8678415236228734,-0.637028249394135,0.13384387901434325,3.194885432785821
permutation,permuted_gated_a1_d0p15,355,2.5730486742708254,3.6717565103359004,0.01872111134691936,0.21943947698867328,3.8506347935268757
permutation,permuted_llm_a1p25,356,2.65750831942565,3.930466912637585,-0.6624570831289729,0.10556841890247393,3.1694565990509833
permutation,permuted_gated_a1_d0p15,356,2.5813700411247424,3.698703231655585,0.0075244095221934605,0.20794049628602096,3.83943809170215
permutation,permuted_llm_a1p25,357,2.6631479008645735,3.8689796457531016,-0.6244278137743902,0.1333340667692885,3.2074858684055663
permutation,permuted_gated_a1_d0p15,357,2.5960136141692476,3.683023650528806,0.030742834496054364,0.21464167599734885,3.8626565166760107
permutation,permuted_llm_a1p25,358,2.649135985435353,3.9136258569846385,-0.645516173302429,0.11321682375094533,3.186397508877527
permutation,permuted_gated_a1_d0p15,358,2.5974981576958815,3.714780402005749,0.01603281371840952,0.20103983386364666,3.847946495898366
permutation,permuted_llm_a1p25,359,2.653118559332249,3.8946356904559636,-0.6558644968428273,0.1218018565974116,3.176049185337128
permutation,permuted_gated_a1_d0p15,359,2.578379637967152,3.674466544687718,0.013132157921005583,0.21828682622450557,3.8450458401009615
permutation,permuted_llm_a1p25,360,2.6607402691811632,3.887205754307179,-0.6341492816564734,0.12514940060572777,3.197764400523483
permutation,permuted_gated_a1_d0p15,360,2.5796147240674374,3.669220941435031,0.01860143997990318,0.22051715281796214,3.850515122159859
permutation,permuted_llm_a1p25,361,2.632952969318413,3.8601648508300896,-0.6426372255913719,0.13727866227150076,3.189276456588584
permutation,permuted_gated_a1_d0p15,361,2.5738216968665117,3.669591566796799,0.011542792802206282,0.2203596748642308,3.8434564749821627
permutation,permuted_llm_a1p25,362,2.644767546822946,3.8987272390693333,-0.6302380815596024,0.11995568760356723,3.2016756006203533
permutation,permuted_gated_a1_d0p15,362,2.5899974671159063,3.700053559796609,0.03347020555646308,0.20736205816600373,3.865383887736419
permutation,permuted_llm_a1p25,363,2.635279649554297,3.8523959905135357,-0.6203167025667606,0.1407477457591313,3.2115969796131956
permutation,permuted_gated_a1_d0p15,363,2.5764192566391917,3.665176336855916,0.03326183902531103,0.22223466305962136,3.865175521205267
permutation,permuted_llm_a1p25,364,2.6592395961818656,3.89070176428831,-0.6565577705016878,0.12357507603120321,3.175355911678268
permutation,permuted_gated_a1_d0p15,364,2.5916698947476156,3.6922729274168025,0.006010417849079161,0.21069213973548517,3.8379241000290354
permutation,permuted_llm_a1p25,365,2.651290482430229,3.8961717354297427,-0.6539343117333183,0.12110899700036137,3.177979370446638
permutation,permuted_gated_a1_d0p15,365,2.572796882264802,3.6835364208107855,0.0120860400790634,0.21442297718839232,3.8439997222590194
permutation,permuted_llm_a1p25,366,2.644919862415079,3.8917312572287828,-0.6393944948809158,0.12311120462751246,3.1925191872990397
permutation,permuted_gated_a1_d0p15,366,2.582491078823479,3.694790733768931,0.02665624826494255,0.20961529521510203,3.8585699304448986
permutation,permuted_llm_a1p25,367,2.6463320347496615,3.88186936983099,-0.626286590819279,0.12754975445891958,3.205627091360677
permutation,permuted_gated_a1_d0p15,367,2.5825303545208036,3.671101902960451,0.03426547211023109,0.2197177716557701,3.8661791542901867
permutation,permuted_llm_a1p25,368,2.639358229812459,3.890320335503697,-0.6469197283563868,0.12374690997140203,3.1849939538235694
permutation,permuted_gated_a1_d0p15,368,2.5752898353211333,3.681410266354995,0.01727529549351261,0.21532959292732856,3.8491889776734687
permutation,permuted_llm_a1p25,369,2.652962965855838,3.870119798273282,-0.6519938788446189,0.132823194635031,3.1799198033353373
permutation,permuted_gated_a1_d0p15,369,2.5743737105880213,3.668739291485766,0.00925770059023384,0.22072178112373575,3.8411713827701894
permutation,permuted_llm_a1p25,370,2.637005255485311,3.8829572620544868,-0.624220183837739,0.1270606783237027,3.2076934983422163
permutation,permuted_gated_a1_d0p15,370,2.594563982855467,3.6883572909979234,0.04308049499543404,0.2123653658803577,3.87499417717539
permutation,permuted_llm_a1p25,371,2.626841875499736,3.8611721208996745,-0.6345090352659808,0.13682836711940938,3.1974046469139754
permutation,permuted_gated_a1_d0p15,371,2.5699414896044277,3.660171273193063,0.027956958210587742,0.22435740245460256,3.8598706403905436
permutation,permuted_llm_a1p25,372,2.640424097084924,3.8669948579451905,-0.628346622766443,0.134223038496737,3.203567059413513
permutation,permuted_gated_a1_d0p15,372,2.5831729902326592,3.680733175079925,0.023733059587853263,0.21561820223180428,3.855646741767809
permutation,permuted_llm_a1p25,373,2.644621198146748,3.878082387894402,-0.6490651857900497,0.12925117272401654,3.1828484963899064
permutation,permuted_gated_a1_d0p15,373,2.580948037266836,3.673562947539903,0.015130346252960407,0.21867124498844848,3.8470440284329164
permutation,permuted_llm_a1p25,374,2.6409448917667935,3.8535798693346166,-0.622543346282257,0.14021955143343434,3.209370335897699
permutation,permuted_gated_a1_d0p15,374,2.5854905625423394,3.679999844418388,0.03644443862926615,0.2159307236204565,3.8683581208092224
permutation,permuted_llm_a1p25,375,2.6609080305122794,3.8844286530344827,-0.6474813759862739,0.12639897729718141,3.1844323061936826
permutation,permuted_gated_a1_d0p15,375,2.5916793017613378,3.681038135760764,0.011418097152743759,0.2154882196956157,3.8433317793326998
permutation,permuted_llm_a1p25,376,2.6611606887751798,3.8961834452024524,-0.6499774592204453,0.12110371405595033,3.1819362229595107
permutation,permuted_gated_a1_d0p15,376,2.595779606701267,3.698894076115074,0.013226341188742278,0.2078587573314965,3.845140023368698
permutation,permuted_llm_a1p25,377,2.6391062560121052,3.864907127220733,-0.6330887958215509,0.13515762533034592,3.1988248863584055
permutation,permuted_gated_a1_d0p15,377,2.5708135582999936,3.665271296575472,0.023841928586337793,0.22219436085953748,3.855755610766294
permutation,permuted_llm_a1p25,378,2.6436251309439003,3.882104522363727,-0.6488296635236825,0.1274440501812386,3.1830840186562734
permutation,permuted_gated_a1_d0p15,378,2.5818136369371447,3.676604597620392,0.01937201100796561,0.21737685446460542,3.8512856931879216
permutation,permuted_llm_a1p25,379,2.633282104690079,3.849777746678576,-0.645037976745231,0.1419153139003939,3.186875705434725
permutation,permuted_gated_a1_d0p15,379,2.5854315285774545,3.678499963320876,0.017710418108938104,0.21656972964186327,3.8496241002888945
permutation,permuted_llm_a1p25,380,2.6704675021827957,3.902987371975225,-0.6309025433423561,0.1180313908653099,3.2010111388375995
permutation,permuted_gated_a1_d0p15,380,2.590286142514394,3.6834687525590915,0.023389405721316325,0.21445183974293636,3.8553030879012726
permutation,permuted_llm_a1p25,381,2.631443139973458,3.8397288272154864,-0.6330937589798762,0.14638911502097018,3.1988199232000794
permutation,permuted_gated_a1_d0p15,381,2.57107604881919,3.651391999816254,0.029902080753766987,0.2280738469507828,3.8618157629337233
permutation,permuted_llm_a1p25,382,2.6434341646440376,3.8598883590719653,-0.635344681936601,0.1374022460073674,3.196569000243355
permutation,permuted_gated_a1_d0p15,382,2.5821725040469885,3.6692210344041336,0.021726974132633893,0.22051711331757617,3.8536406563125896
permutation,permuted_llm_a1p25,383,2.653514295710312,3.8790462588153725,-0.6524245595957624,0.12881828157320585,3.1794891225841937
permutation,permuted_gated_a1_d0p15,383,2.5835828629759487,3.674687124341189,0.003578486345524366,0.21819297031676566,3.8354921685254806
permutation,permuted_llm_a1p25,384,2.6488546234550356,3.875864697987352,-0.6503732802272644,0.1302467672240264,3.1815404019526916
permutation,permuted_gated_a1_d0p15,384,2.5789079905236982,3.6785870929756603,0.015954537441184403,0.2165326162434157,3.847868219621141
permutation,permuted_llm_a1p25,385,2.6319861394023345,3.882506080511473,-0.6613874324123076,0.12726352950208364,3.170526249767648
permutation,permuted_gated_a1_d0p15,385,2.5723362726450536,3.6801491636027355,0.009580665858961342,0.21586709374816726,3.841494348038917
permutation,permuted_llm_a1p25,386,2.665448980788251,3.914164491384642,-0.6758834853753667,0.1129727100766843,3.15603019680459
permutation,permuted_gated_a1_d0p15,386,2.594727474241128,3.70525608264504,-0.00855317553085623,0.20513148715008112,3.8233605066491
permutation,permuted_llm_a1p25,387,2.6473711452455784,3.894521273482803,-0.6340936667771722,0.12185345541456538,3.1978200154027836
permutation,permuted_gated_a1_d0p15,387,2.5892743429896816,3.6885275764084633,0.01883601247010212,0.2122926366014095,3.8507496946500583
permutation,permuted_llm_a1p25,388,2.667774039720557,3.897743096431741,-0.6290268953655459,0.12039992479468686,3.20288678681441
permutation,permuted_gated_a1_d0p15,388,2.5904631060539827,3.6817619564036885,0.021000322621934884,0.215179664538393,3.852914004801891
permutation,permuted_llm_a1p25,389,2.646717657349922,3.8625069312855422,-0.6409274622025296,0.13623146567217437,3.1909862199774266
permutation,permuted_gated_a1_d0p15,389,2.5907902216684895,3.6781973789385263,0.01744200025988594,0.2166986104449642,3.849355682439842
permutation,permuted_llm_a1p25,390,2.6211815725734864,3.8463236024443472,-0.6465936001499365,0.14345442539779785,3.185320082030019
permutation,permuted_gated_a1_d0p15,390,2.575895570344571,3.6752344433250834,0.016298214481155503,0.2179600635789649,3.8482118966611116
permutation,permuted_llm_a1p25,391,2.6266245040033307,3.870448814121943,-0.6435122359744708,0.13267574336459786,3.1884014462054853
permutation,permuted_gated_a1_d0p15,391,2.5872560204877866,3.6855239856254394,0.012099117639522405,0.21357498421755206,3.8440127998194784
permutation,permuted_llm_a1p25,392,2.6603105254699493,3.911381718240792,-0.647255427965474,0.11423352488065353,3.184658254214482
permutation,permuted_gated_a1_d0p15,392,2.588744490645507,3.7041020074621605,0.012758077650278699,0.2056265650299106,3.8446717598302347
permutation,permuted_llm_a1p25,393,2.6531440314092327,3.8896064112035194,-0.6380534803671191,0.12406848810340865,3.193860201812837
permutation,permuted_gated_a1_d0p15,393,2.5913295423574714,3.6988892478055786,0.02548713892629006,0.20786082535534844,3.8574008211062463
permutation,permuted_llm_a1p25,394,2.6513291241354646,3.8822242080006464,-0.6360846484686449,0.12739024739265814,3.1958290337113113
permutation,permuted_gated_a1_d0p15,394,2.5785996690419206,3.6734525731346426,0.014854449774825607,0.21871819526660186,3.8467681319547817
permutation,permuted_llm_a1p25,395,2.643970583024698,3.8820051465704632,-0.6560132402599607,0.12748872173984738,3.175900441919995
permutation,permuted_gated_a1_d0p15,395,2.5886179045664552,3.690479843324992,0.006700818351237866,0.21145857912909483,3.838614500531194
permutation,permuted_llm_a1p25,396,2.6386829622362655,3.863703659099853,-0.6291066189427953,0.13569613668273095,3.202807063237161
permutation,permuted_gated_a1_d0p15,396,2.5833412222243126,3.676826792341948,0.04015166154559154,0.21728225632007747,3.8720653437255477
permutation,permuted_llm_a1p25,397,2.614389425771313,3.854661855058871,-0.6488071519441981,0.13973667535414624,3.1831065302357575
permutation,permuted_gated_a1_d0p15,397,2.574340219292482,3.684306410425839,0.005738784116023479,0.2140945160024028,3.83765246629598
permutation,permuted_llm_a1p25,398,2.6383608532786735,3.8817449854025927,-0.6479392177572791,0.12760566437043364,3.183974464422677
permutation,permuted_gated_a1_d0p15,398,2.574605040138212,3.6870975155079724,-0.00293333702575601,0.21290331449881827,3.8289803451542
permutation,permuted_llm_a1p25,399,2.617920231492984,3.8878766968429024,-0.6528172905630433,0.1248473712440965,3.1790963916169126
permutation,permuted_gated_a1_d0p15,399,2.568687052711982,3.67494622834095,0.01815582802953864,0.218082715232069,3.850069510209495
permutation,permuted_llm_a1p25,400,2.6388513534915994,3.8737927505490983,-0.6316072245234732,0.13117641851324724,3.200306457656483
permutation,permuted_gated_a1_d0p15,400,2.587079262883087,3.69204185966294,0.02068438397706968,0.21079092868800775,3.852598066157026
permutation,permuted_llm_a1p25,401,2.649318403552763,3.8781389366224763,-0.6613136328099436,0.12922577867988494,3.170600049370013
permutation,permuted_gated_a1_d0p15,401,2.5881154119450818,3.693990625529477,0.001343177548250214,0.2099575743251798,3.833256859728206
permutation,permuted_llm_a1p25,402,2.6391467974129506,3.882770447401754,-0.6494297481714532,0.12714467303303134,3.182483934008503
permutation,permuted_gated_a1_d0p15,402,2.5822488529923366,3.6850176619502526,0.02252975447677616,0.21379105023914824,3.8544434366567324
permutation,permuted_llm_a1p25,403,2.6446389785820954,3.864122766569197,-0.6430988301713816,0.13550861927286573,3.1888148520085746
permutation,permuted_gated_a1_d0p15,403,2.581602350377372,3.665805279950512,0.022029409576028402,0.22196771158790862,3.8539430917559847
permutation,permuted_llm_a1p25,404,2.637076751212321,3.893301659913994,-0.6610627877199298,0.12240337242267185,3.1708508944600258
permutation,permuted_gated_a1_d0p15,404,2.565565848074943,3.684051529205688,-0.008789391774693872,0.21420325050900213,3.8231242904052625
permutation,permuted_llm_a1p25,405,2.653868149105718,3.9263431158302553,-0.6665189564838399,0.1074442872104654,3.165394725696116
permutation,permuted_gated_a1_d0p15,405,2.5976353538373167,3.71186345549889,-0.004414252671888271,0.20229407170180436,3.827499429508068
permutation,permuted_llm_a1p25,406,2.650166331646285,3.886054637734542,-0.6232898447188108,0.12566746215317348,3.2086238374611455
permutation,permuted_gated_a1_d0p15,406,2.5912354139570963,3.685961410384613,0.03832368929936002,0.2133882958721266,3.870237371479316
permutation,permuted_llm_a1p25,407,2.6209948205490154,3.853025277085315,-0.6658363029522195,0.14046700615214092,3.166077379227737
permutation,permuted_gated_a1_d0p15,407,2.571951573628019,3.6750267414292597,-0.0027730185921271545,0.2180484533620375,3.829140663587829
permutation,permuted_llm_a1p25,408,2.6505254851183793,3.8739419048291404,-0.6416619310414866,0.1311095118618436,3.190251751138469
permutation,permuted_gated_a1_d0p15,408,2.5767966088174634,3.6789406853649163,0.0131145295492203,0.21638199242435507,3.8450282117291765
permutation,permuted_llm_a1p25,409,2.653912856440924,3.9096599403784453,-0.6402152524857365,0.11501317644489617,3.1916984296942195
permutation,permuted_gated_a1_d0p15,409,2.5755863291789085,3.6868086791681494,0.012337250238151494,0.21302662733234945,3.844250932418108
permutation,permuted_llm_a1p25,410,2.6217947855152977,3.8578951523720733,-0.6267575199363554,0.13829288922760574,3.2051561622436004
permutation,permuted_gated_a1_d0p15,410,2.570818928556147,3.6827077738577425,0.023484317303465667,0.21477638364970664,3.8553979994834218
permutation,permuted_llm_a1p25,411,2.6486908499426036,3.861352398963272,-0.65279358121296,0.1367477622987019,3.1791201009669963
permutation,permuted_gated_a1_d0p15,411,2.5752198587309167,3.6736020320037617,0.007604175031075833,0.21865461917945872,3.839517857211032
permutation,permuted_llm_a1p25,412,2.6747917587992323,3.909628028869374,-0.644947811383109,0.11502762330228156,3.186965870796847
permutation,permuted_gated_a1_d0p15,412,2.5963581727485,3.695382510134691,0.020259298512961352,0.20936209091806046,3.8521729806929175
permutation,permuted_llm_a1p25,413,2.6555733835978934,3.901311086035287,-0.6461651005011041,0.11878881790969043,3.185748581678852
permutation,permuted_gated_a1_d0p15,413,2.579132929798282,3.686474265964395,0.031546576751548094,0.21316938621900083,3.8634602589315037
permutation,permuted_llm_a1p25,414,2.6428042677049404,3.9064735804085027,-0.6619746856799335,0.11645511130999864,3.169938996500022
permutation,permuted_gated_a1_d0p15,414,2.5822474462651743,3.7064344009889214,0.003598736360690443,0.20462585026270008,3.835512418540646
permutation,permuted_llm_a1p25,415,2.670119703353648,3.90888847012612,-0.6339760772107282,0.11536240049908253,3.1979376049692276
permutation,permuted_gated_a1_d0p15,415,2.5824558696673994,3.689947902697295,0.018620450497933295,0.2116858812720136,3.8505341326778892
permutation,permuted_llm_a1p25,416,2.6371463371100394,3.8897510690791623,-0.6449787145413749,0.12400333356870297,3.186934967638581
permutation,permuted_gated_a1_d0p15,416,2.590725167691369,3.701473068113462,0.016181529328555273,0.2067537577925318,3.8480952115085114
permutation,permuted_llm_a1p25,417,2.6695388885301004,3.908333740152518,-0.6495173918555514,0.11561346940249895,3.1823962903244043
permutation,permuted_gated_a1_d0p15,417,2.5898949727636356,3.6858424879374048,0.014312095376409107,0.2134390529308039,3.8462257775563655
permutation,permuted_llm_a1p25,418,2.6582182300970256,3.8965707295653442,-0.6677002074242265,0.12092897910821243,3.1642134747557296
permutation,permuted_gated_a1_d0p15,418,2.590838324897432,3.7041630560058856,-0.008176251573616443,0.20560038014573878,3.8237374306063394
permutation,permuted_llm_a1p25,419,2.617325157153637,3.843998398534831,-0.6460755457897869,0.14448972108489033,3.185838136390169
permutation,permuted_gated_a1_d0p15,419,2.5612937332011283,3.6571331625547776,0.0070992633211503405,0.2256445061743627,3.839012945501106
permutation,permuted_llm_a1p25,420,2.6491945087248654,3.868498401364888,-0.6330285688084076,0.13354965445172917,3.1988851133715483
permutation,permuted_gated_a1_d0p15,420,2.586374456963515,3.673278371295638,0.029311179578977505,0.21879229313359938,3.861224861758934
permutation,permuted_llm_a1p25,421,2.628956725795184,3.8741009672894022,-0.6527448011236165,0.13103815782530115,3.1791688810563397
permutation,permuted_gated_a1_d0p15,421,2.5681976424899418,3.6696066088687,0.005911951403353743,0.22035328318294956,3.83782563358331
permutation,permuted_llm_a1p25,422,2.6220143600446235,3.880817351530595,-0.6460430455072177,0.1280225726642007,3.1858706366727385
permutation,permuted_gated_a1_d0p15,422,2.571969305260227,3.677714955625031,0.018724007438442002,0.21690406873433477,3.850637689618398
permutation,permuted_llm_a1p25,423,2.6350338736968926,3.87723720699286,-0.6279576550426642,0.12963066960450242,3.2039560271372918
permutation,permuted_gated_a1_d0p15,423,2.582403015011255,3.683641270668726,0.0377599671606912,0.2143782545077353,3.8696736493406476
permutation,permuted_llm_a1p25,424,2.653276275222912,3.893357536936576,-0.6500089213791436,0.1223781815472883,3.1819047608008124
permutation,permuted_gated_a1_d0p15,424,2.5882490620263736,3.6871906287955434,0.025129010480649833,0.2128635596048235,3.8570426926606065
permutation,permuted_llm_a1p25,425,2.638407394050912,3.8663995698042877,-0.6304262822818476,0.1344895747127215,3.201487399898108
permutation,permuted_gated_a1_d0p15,425,2.5856056570626644,3.681468653716118,0.026624826235353973,0.21530470290181225,3.85853850841531
permutation,permuted_llm_a1p25,426,2.6307399599754753,3.8789525006435404,-0.627995822464016,0.12886039471787014,3.2039178597159403
permutation,permuted_gated_a1_d0p15,426,2.5789355739768762,3.6901343632772377,0.04046874501246333,0.2116062090243448,3.872382427192419
permutation,permuted_llm_a1p25,427,2.629454532590654,3.8673087374840494,-0.6428907692695383,0.1340824845460754,3.1890229129104175
permutation,permuted_gated_a1_d0p15,427,2.57476247231599,3.683541864381968,0.005874281969443855,0.21442065531771448,3.8377879641494
permutation,permuted_llm_a1p25,428,2.6777982924954813,3.9219829808221296,-0.6495770040356489,0.10942552139371964,3.182336678144307
permutation,permuted_gated_a1_d0p15,428,2.6010815913901095,3.705159922798023,0.007747782225850281,0.20517274391672047,3.8396614644058067
permutation,permuted_llm_a1p25,429,2.61320165101875,3.842577358760572,-0.6567397739858534,0.14512212999692287,3.1751739081941026
permutation,permuted_gated_a1_d0p15,429,2.5594685128504273,3.654556065273316,-0.0012862746933492084,0.22673546251992482,3.830627407486607
permutation,permuted_llm_a1p25,430,2.6594092042346125,3.8899412953765666,-0.6440854709838634,0.12391765113088227,3.1878282111960923
permutation,permuted_gated_a1_d0p15,430,2.586300172501702,3.692772042852526,0.02619932710602452,0.21047873061243916,3.8581130092859808
permutation,permuted_llm_a1p25,431,2.6500856873129806,3.894989769921953,-0.6425490762760098,0.12164216717359466,3.1893646059039464
permutation,permuted_gated_a1_d0p15,431,2.582772088584041,3.692787813628101,0.017407459715806893,0.2104719869579732,3.849321141895763
permutation,permuted_llm_a1p25,432,2.630081334603734,3.846376020528513,-0.6330687881518625,0.1434310790605665,3.1988448940280936
permutation,permuted_gated_a1_d0p15,432,2.5748245908688294,3.6751149439732633,0.01728461413096037,0.21801091842789244,3.8491982963109166
permutation,permuted_llm_a1p25,433,2.623243512294368,3.8740686581071317,-0.6212771212090018,0.1310526516806294,3.210636560970954
permutation,permuted_gated_a1_d0p15,433,2.5844826842486737,3.6994267130789806,0.03859240346335755,0.20763060584832982,3.8705060856433136
permutation,permuted_llm_a1p25,434,2.6400493305000383,3.8524415067701163,-0.6123844839994717,0.14072744142011184,3.2195291981804846
permutation,permuted_gated_a1_d0p15,434,2.590711823334252,3.671130826789342,0.04751946521786824,0.21970547625282943,3.8794331473978243
permutation,permuted_llm_a1p25,435,2.648926368006409,3.9101037952770947,-0.6517606680040827,0.11481222391191792,3.1801530141758736
permutation,permuted_gated_a1_d0p15,435,2.5791009297265313,3.6961225813845044,0.012355935494775816,0.20904537838531878,3.8442696176747315
permutation,permuted_llm_a1p25,436,2.6563135125222663,3.8888911111567706,-0.6546470170020361,0.12439062673309742,3.1772666651779202
permutation,permuted_gated_a1_d0p15,436,2.5904908146074823,3.6803804946991927,0.010337862866429782,0.2157685107733719,3.842251545046386
permutation,permuted_llm_a1p25,437,2.634180311313828,3.8715856839928233,-0.6271478435481193,0.13216614890804168,3.2047658386318365
permutation,permuted_gated_a1_d0p15,437,2.5833642457470813,3.682884148525863,0.029642171980970022,0.21470116895462288,3.861555854160926
permutation,permuted_llm_a1p25,438,2.6666165776585316,3.8873201402780193,-0.6375591341002388,0.12509791266614867,3.1943545480797173
permutation,permuted_gated_a1_d0p15,438,2.593105095150949,3.6874952250874395,0.025965017829408445,0.21273350462895912,3.857878700009364
permutation,permuted_llm_a1p25,439,2.629842230247044,3.8566557858436865,-0.6606144488845275,0.13884645502600357,3.1712992332954286
permutation,permuted_gated_a1_d0p15,439,2.5727882281336782,3.6688943965898497,0.007109506371625717,0.22065588787012114,3.839023188551582
permutation,permuted_llm_a1p25,440,2.650319074539326,3.86051454471345,-0.6383296937904493,0.1371223466468876,3.193583988389507
permutation,permuted_gated_a1_d0p15,440,2.5889807386276833,3.668916859920456,0.019769708076216287,0.22064634454935572,3.8516833902561727
permutation,permuted_llm_a1p25,441,2.655168688104298,3.902139811537443,-0.6468918578884557,0.11841440032165951,3.1850218242915007
permutation,permuted_gated_a1_d0p15,441,2.5820950174713744,3.676998516873916,0.008404336603105092,0.21720914165647787,3.8403180187830612
permutation,permuted_llm_a1p25,442,2.6722789941113567,3.907503693215299,-0.642887833390688,0.11598907928031688,3.189025848789268
permutation,permuted_gated_a1_d0p15,442,2.6012030750927893,3.7061364301675708,0.01227046529260501,0.2047537299101213,3.8441841474725607
permutation,permuted_llm_a1p25,443,2.652313093437796,3.8986766758565268,-0.6304290769577916,0.11997851432447815,3.201484605222164
permutation,permuted_gated_a1_d0p15,443,2.59755105981125,3.706886997478176,0.021898699525470532,0.2044315905036722,3.8538123817054264
permutation,permuted_llm_a1p25,444,2.650935861010671,3.8812614476686114,-0.6364469357197925,0.12782299410659936,3.195466746460163
permutation,permuted_gated_a1_d0p15,444,2.5841699773271003,3.6904358497880123,0.02924526462234141,0.21147737913389675,3.8611589468022975
permutation,permuted_llm_a1p25,445,2.6279848947205986,3.8677201634806133,-0.6559176322950581,0.13389823242066057,3.175996049884898
permutation,permuted_gated_a1_d0p15,445,2.580632192686531,3.6725623192792316,0.012247870043446449,0.21909683353331355,3.8441615522234023
permutation,permuted_llm_a1p25,446,2.653914972569046,3.864255045485055,-0.6397984252695313,0.13544943070830107,3.1921152569104243
permutation,permuted_gated_a1_d0p15,446,2.585847696933029,3.678443168857223,0.027121092208081933,0.21659392111065212,3.8590347743880384
permutation,permuted_llm_a1p25,447,2.655944411398711,3.89300250494523,-0.6429624095161213,0.12253823343687986,3.1889512726638345
permutation,permuted_gated_a1_d0p15,447,2.5944825162029432,3.6962579826664648,0.012836214421817557,0.20898742671892934,3.844749896601774
permutation,permuted_llm_a1p25,448,2.654219700307336,3.8775010041848965,-0.6193695404806563,0.12951223021899982,3.2125441416992997
permutation,permuted_gated_a1_d0p15,448,2.5854606105421745,3.6745176666648485,0.03048614342306752,0.21826507449510346,3.8623998256030236
permutation,permuted_llm_a1p25,449,2.62679090159514,3.8609531792574985,-0.6250999799204905,0.13692625390137103,3.206813702259465
permutation,permuted_gated_a1_d0p15,449,2.568642068619923,3.6679615638735696,0.020262472569026694,0.221052140901832,3.8521761547489826
permutation,permuted_llm_a1p25,450,2.632852256363347,3.869696759618552,-0.6490031926571692,0.1330127646113224,3.182910489522787
permutation,permuted_gated_a1_d0p15,450,2.5718940318975125,3.6663974692665255,0.014061970522578546,0.22171631818938498,3.8459756527025344
permutation,permuted_llm_a1p25,451,2.639451981610283,3.8833448965418498,-0.6640286925950323,0.126886379069873,3.1678849895849237
permutation,permuted_gated_a1_d0p15,451,2.576227182639802,3.676795282484639,-0.00010252171049575566,0.21729567181127651,3.83181116046946
permutation,permuted_llm_a1p25,452,2.6543086577313955,3.873252405711871,-0.6505431130626528,0.13141878129556095,3.181370569117303
permutation,permuted_gated_a1_d0p15,452,2.588368540088433,3.6681558726258747,0.009171651885031237,0.2209696098321916,3.8410853340649873
permutation,permuted_llm_a1p25,453,2.655539344722349,3.8908131498454153,-0.6656724545203192,0.12352489357995833,3.166241227659637
permutation,permuted_gated_a1_d0p15,453,2.579789434437429,3.6812764876214383,-0.0031432580935459534,0.21538662015245746,3.82877042408641
permutation,permuted_llm_a1p25,454,2.6594285294232214,3.890190310794259,-0.6547939373818,0.12380548234570732,3.1771197447981563
permutation,permuted_gated_a1_d0p15,454,2.5841113088488825,3.6867618116752787,0.002744676435163421,0.2130466355495949,3.8346583586151195
permutation,permuted_llm_a1p25,455,2.6337812351324406,3.887576926528508,-0.6139539272871724,0.12498232133908305,3.217959754892784
permutation,permuted_gated_a1_d0p15,455,2.5784498049430025,3.687733154050858,0.03639210561154761,0.2126319074564743,3.868305787791504
permutation,permuted_llm_a1p25,456,2.6423236451112473,3.869945714303455,-0.6140368708069586,0.1329012067863058,3.2178768113729976
permutation,permuted_gated_a1_d0p15,456,2.5858549782205005,3.675608343896658,0.05362502295620714,0.21780093356553298,3.8855387051361627
permutation,permuted_llm_a1p25,457,2.627577278257309,3.860729620573384,-0.6359646773916681,0.13702619919256864,3.195949004788288
permutation,permuted_gated_a1_d0p15,457,2.5838498286944573,3.6869464910271432,0.027310539289593736,0.2129677925514324,3.8592242214695496
permutation,permuted_llm_a1p25,458,2.6430358275406935,3.881827191824295,-0.6288041218728652,0.1275687133722051,3.2031095603070905
permutation,permuted_gated_a1_d0p15,458,2.5897807611075034,3.6841938668908027,0.03358218314832499,0.2141425289636567,3.865495865328281
permutation,permuted_llm_a1p25,459,2.6290214642013767,3.872496158022767,-0.6563599791273873,0.13175792697720112,3.1755537030525685
permutation,permuted_gated_a1_d0p15,459,2.575788295462245,3.6772449371377394,0.016169468058050144,0.21710421803871938,3.8480831502380064
permutation,permuted_llm_a1p25,460,2.63856502573463,3.8723849159811476,-0.6498183284945149,0.13180780882581844,3.1820953536854413
permutation,permuted_gated_a1_d0p15,460,2.571341968376009,3.6633135452218624,0.014728132478403806,0.22302504608979634,3.8466418146583603
permutation,permuted_llm_a1p25,461,2.6173379369232834,3.84623184787347,-0.6378821408610202,0.1434952909319266,3.1940315413189353
permutation,permuted_gated_a1_d0p15,461,2.58033684361664,3.678291983453479,0.01962947612468837,0.21665831635882649,3.8515431583046444
permutation,permuted_llm_a1p25,462,2.644720634915801,3.907918042344364,-0.6740588694723233,0.11580158946360819,3.1578548127076327
permutation,permuted_gated_a1_d0p15,462,2.576992010360393,3.6830943305524615,-0.004213843714661617,0.2146115324615928,3.8276998384652945
permutation,permuted_llm_a1p25,463,2.621541229684278,3.862291352428003,-0.6395310256611416,0.13632788234695414,3.1923826565188143
permutation,permuted_gated_a1_d0p15,463,2.574188212084351,3.679057073284216,0.034801199106757455,0.21633241015603444,3.8667148812867134
permutation,permuted_llm_a1p25,464,2.626552525429201,3.8672314807765797,-0.6511370460362319,0.13411708083642604,3.1807766361437237
permutation,permuted_gated_a1_d0p15,464,2.57082628782942,3.675751064259352,0.011978781822837495,0.21774018830033048,3.8438924640027934
permutation,permuted_llm_a1p25,465,2.6598616779302975,3.9173663977487747,-0.6475674458233658,0.1115208855519757,3.184346236356591
permutation,permuted_gated_a1_d0p15,465,2.5757154394631097,3.695151785892874,0.004722594924895507,0.209460816090285,3.836636277104851
permutation,permuted_llm_a1p25,466,2.6384112041604904,3.843576646667806,-0.6195040499750417,0.14467743878210415,3.2124096322049143
permutation,permuted_gated_a1_d0p15,466,2.5770504559526066,3.6670607321346242,0.02612406437602176,0.22143470477293103,3.858037746555978
permutation,permuted_llm_a1p25,467,2.6201841046559515,3.860233259398989,-0.6516877583317923,0.1372480842742918,3.180225923848164
permutation,permuted_gated_a1_d0p15,467,2.5655465501215913,3.6624845266016246,0.004527964142243056,0.2233766697291143,3.8364416463221995
permutation,permuted_llm_a1p25,468,2.646173649790504,3.8559681867415976,-0.6531818637616502,0.1391534959714169,3.1787318184183055
permutation,permuted_gated_a1_d0p15,468,2.57924833130624,3.674837110705206,0.007211018984028623,0.2181291484005956,3.8391247011639846
permutation,permuted_llm_a1p25,469,2.6522423802193873,3.899293025660408,-0.6469246551806372,0.11970024352140485,3.184989026999319
permutation,permuted_gated_a1_d0p15,469,2.589717040033976,3.6931507328135327,0.015118889183122363,0.21031679312727225,3.847032571363078
permutation,permuted_llm_a1p25,470,2.660456030634445,3.899591678392849,-0.6293648596696759,0.11956539138589528,3.2025488225102805
permutation,permuted_gated_a1_d0p15,470,2.5981891865827436,3.690650891729926,0.035812823772174464,0.211385481925637,3.8677265059521306
permutation,permuted_llm_a1p25,471,2.634378774705351,3.871314805132847,-0.6264702784258245,0.13228758216030911,3.2054434037541313
permutation,permuted_gated_a1_d0p15,471,2.5742430486708625,3.6676058969503713,0.036783496801154454,0.2212031962231904,3.86869717898111
permutation,permuted_llm_a1p25,472,2.6276672379499653,3.8634371000991585,-0.6724757435423112,0.1358153901489041,3.1594379386376445
permutation,permuted_gated_a1_d0p15,472,2.5736025302781713,3.6785990158398474,-0.01725566410146254,0.2165275375596094,3.8146580180784935
permutation,permuted_llm_a1p25,473,2.6500026446829574,3.891543284813212,-0.635367158957386,0.12319591084870529,3.19654652322257
permutation,permuted_gated_a1_d0p15,473,2.5893124740828957,3.7021365627743723,0.02776804484987938,0.20646935112083376,3.8596817270298356
permutation,permuted_llm_a1p25,474,2.64866673056772,3.8734042767650103,-0.6285712441421443,0.1313506654503953,3.2033424380378115
permutation,permuted_gated_a1_d0p15,474,2.590358948451463,3.6832172178231235,0.03425294376503351,0.2145591222615637,3.8661666259449894
permutation,permuted_llm_a1p25,475,2.647095424328131,3.8669361279884873,-0.6462035889988447,0.13424933625983826,3.185710093181111
permutation,permuted_gated_a1_d0p15,475,2.5801604248213508,3.6748033731433156,0.014509794981427626,0.21814350457169396,3.846423477161384
permutation,permuted_llm_a1p25,476,2.647825371649261,3.888366254266795,-0.6518667020865888,0.12462696073519508,3.180046980093367
permutation,permuted_gated_a1_d0p15,476,2.583202865989651,3.685327912944018,0.013502866607544827,0.21365865881063473,3.845416548787501
permutation,permuted_llm_a1p25,477,2.6297077542826814,3.8554620959867987,-0.6440298475855759,0.1393794510859654,3.1878838345943805
permutation,permuted_gated_a1_d0p15,477,2.5681831699886297,3.6653467252905676,0.012389051562617584,0.22216234714001193,3.8443027337425733
permutation,permuted_llm_a1p25,478,2.6300827314967896,3.863812798338417,-0.6484382896933482,0.13564730747317955,3.183475392486608
permutation,permuted_gated_a1_d0p15,478,2.5640307831673326,3.6685745422081015,0.014399746700944955,0.22079176845769666,3.8463134288809013
permutation,permuted_llm_a1p25,479,2.627453340895903,3.8662739833856583,-0.6471374156875501,0.13454579993586568,3.1847762664924057
permutation,permuted_gated_a1_d0p15,479,2.5863938658357357,3.690224513394261,0.02802773018677942,0.21156768757569933,3.859941412366735
permutation,permuted_llm_a1p25,480,2.6387645556416293,3.87915339063214,-0.6620473328961931,0.12877016017283172,3.1698663492837627
permutation,permuted_gated_a1_d0p15,480,2.5741988019318423,3.6700662935162707,0.006318843663358223,0.22015794122291366,3.8382325258433148
permutation,permuted_llm_a1p25,481,2.6317588728942902,3.8784295334068144,-0.6543243793299355,0.12909527604793092,3.177589302850021
permutation,permuted_gated_a1_d0p15,481,2.5720916340057274,3.6834664789820843,-0.002250860938782612,0.21445280948303957,3.829662821241173
permutation,permuted_llm_a1p25,482,2.626400257771533,3.8441914668257366,-0.6361669800287422,0.14440378137408327,3.195746702151214
permutation,permuted_gated_a1_d0p15,482,2.570302281762346,3.669322552941037,0.015412298580295629,0.22047397988072348,3.847325980760252
permutation,permuted_llm_a1p25,483,2.6469544721169895,3.884876906650561,-0.6609654664273668,0.12619734279854022,3.1709482157525892
permutation,permuted_gated_a1_d0p15,483,2.5681755204913497,3.670334721404028,-0.006706578403551796,0.22004386207823012,3.825207103776404
permutation,permuted_llm_a1p25,484,2.6249069437091532,3.8456300091235756,-0.6398274982371479,0.1437633129410556,3.192086183942808
permutation,permuted_gated_a1_d0p15,484,2.573709940540499,3.657066494949821,0.022390982896617718,0.22567273809992883,3.8543046650765738
permutation,permuted_llm_a1p25,485,2.6248845287191793,3.868213804495883,-0.6316671041127517,0.1336771354324109,3.2002465780672043
permutation,permuted_gated_a1_d0p15,485,2.5656916684787983,3.6737266399446393,0.023601722991849605,0.21860161208210938,3.8555154051718055
permutation,permuted_llm_a1p25,486,2.642692805340914,3.8803807660647465,-0.6694627828804937,0.12821875363495827,3.1624508992994627
permutation,permuted_gated_a1_d0p15,486,2.577516962552079,3.683170247508455,-0.003192633683948758,0.214579154840564,3.828721048496008
permutation,permuted_llm_a1p25,487,2.625541852437853,3.847304316982829,-0.6399359638858588,0.14301757510779323,3.1919777182940976
permutation,permuted_gated_a1_d0p15,487,2.5708137577178984,3.666803241040986,0.013594369521631162,0.2215440384358408,3.8455080517015876
permutation,permuted_llm_a1p25,488,2.6332655786188592,3.863684104614645,-0.6626818686158685,0.13570488527001023,3.1692318135640876
permutation,permuted_gated_a1_d0p15,488,2.564795077789644,3.6635792628698187,0.0020919114496959195,0.22291232658471205,3.834005593629652
permutation,permuted_llm_a1p25,489,2.665740751333673,3.942564971343385,-0.6435277336105396,0.10005378694001776,3.1883859485694166
permutation,permuted_gated_a1_d0p15,489,2.5912061867731078,3.71345205424012,0.019509995791959497,0.20161112319169894,3.8514236779719155
permutation,permuted_llm_a1p25,490,2.65158526637971,3.900412819501708,-0.6480492961214392,0.1191945642697464,3.1838643860585165
permutation,permuted_gated_a1_d0p15,490,2.588754319123315,3.6919478706690283,0.00860998869058612,0.2108311102597502,3.8405236708705424
permutation,permuted_llm_a1p25,491,2.632180499190083,3.8507789850407756,-0.6414764122028631,0.14146891980469545,3.1904372699770933
permutation,permuted_gated_a1_d0p15,491,2.569114784102059,3.660915871253632,0.02014031142162436,0.2240417884157283,3.8520539936015807
permutation,permuted_llm_a1p25,492,2.6496142755799097,3.8632342565459603,-0.6425799369241414,0.1359061330136473,3.189333745255815
permutation,permuted_gated_a1_d0p15,492,2.569333862662693,3.6657412032439733,0.00834155521358006,0.22199491069266408,3.840255237393536
permutation,permuted_llm_a1p25,493,2.626796342324976,3.851267689607637,-0.6342751216949507,0.14125099263456942,3.197638560485005
permutation,permuted_gated_a1_d0p15,493,2.579182885360978,3.6713692401382256,0.024401794059620844,0.21960412401013607,3.856315476239577
permutation,permuted_llm_a1p25,494,2.6184210573874167,3.842112749544807,-0.6120681000511251,0.14532884548381864,3.2198455821288308
permutation,permuted_gated_a1_d0p15,494,2.5848141879021944,3.677390550628604,0.04153155168941353,0.21704221376820532,3.8734452338693695
permutation,permuted_llm_a1p25,495,2.6501975742707335,3.9202202448212558,-0.6465302844718083,0.11022587923229266,3.1853833977081476
permutation,permuted_gated_a1_d0p15,495,2.58119177005055,3.7019614039041397,0.008112165494702285,0.20654443783980891,3.8400258476746583
permutation,permuted_llm_a1p25,496,2.615150488311551,3.8814045487520334,-0.6427262412999523,0.1277586790497509,3.1891874408800036
permutation,permuted_gated_a1_d0p15,496,2.5702048311319823,3.684433779516816,0.008382411669036456,0.21404017644091977,3.840296093848993
permutation,permuted_llm_a1p25,497,2.6435507438528294,3.8946928386870754,-0.6529172697425965,0.12177608379468252,3.1789964124373595
permutation,permuted_gated_a1_d0p15,497,2.5896503950308407,3.691166960570846,0.008678218870586734,0.2111649203789281,3.8405919010505425
permutation,permuted_llm_a1p25,498,2.642141587151497,3.88184509572572,-0.648738221110646,0.12756066563643265,3.1831754610693097
permutation,permuted_gated_a1_d0p15,498,2.585255754359145,3.6796526668907963,0.02006895762983426,0.2160786575356216,3.8519826398097905
permutation,permuted_llm_a1p25,499,2.6295918852138835,3.8535510406420364,-0.6446311599103247,0.14023241544786524,3.1872825222696313
permutation,permuted_gated_a1_d0p15,499,2.5622969843091448,3.6537928137575766,0.012179911391824108,0.22705842032317936,3.84409359357178
permutation,permuted_llm_a1p25,500,2.6279419163355318,3.862355150565424,-0.6545008771315185,0.1362993494774719,3.177412805048437
permutation,permuted_gated_a1_d0p15,500,2.56915260089048,3.667032783349576,0.005642357110709113,0.2214465725181083,3.837556039290665
